N,P,K,temperature,humidity,ph,rainfall,label
82,45,42,22.3,61.1,5.6,89.3,Maize
88,50,37,28.7,71.4,6.5,71.3,Maize
208,87,69,25.3,86.2,6.4,219.6,Sugarcane
131,50,52,22.4,91.5,6.6,298.1,Rice
97,49,42,24.0,60.7,6.3,77.2,Maize
26,52,53,29.2,59.7,6.4,82.5,Groundnut
71,57,107,26.9,67.6,6.3,187.5,Coconut
121,52,46,30.4,83.2,6.2,191.6,Rice
80,55,39,24.3,63.1,7.0,86.5,Maize
142,57,52,29.5,80.2,7.3,209.5,Rice
20,44,20,26.7,63.5,7.1,84.2,Blackgram
94,44,43,26.3,65.3,7.3,106.2,Maize
110,50,51,26.5,71.5,6.8,73.5,Cotton
135,46,200,26.9,76.9,6.6,187.9,Banana
143,50,44,30.6,74.4,6.7,263.0,Rice
92,41,45,24.8,52.6,6.4,66.3,Maize
40,41,55,28.8,53.9,7.4,81.8,Groundnut
19,52,28,32.4,65.9,6.6,65.5,Blackgram
29,44,52,27.0,44.7,6.7,93.4,Groundnut
18,49,27,33.0,70.2,6.1,81.1,Blackgram
124,55,189,26.8,74.6,6.4,180.9,Banana
216,71,87,29.4,82.3,6.7,196.2,Sugarcane
115,42,39,25.5,84.7,6.7,315.8,Rice
109,37,49,33.6,69.1,6.3,76.1,Cotton
128,48,40,27.4,83.4,6.0,266.1,Rice
86,43,34,25.6,55.3,7.7,100.5,Maize
200,85,92,29.9,86.6,7.1,195.0,Sugarcane
116,49,50,28.4,66.9,6.6,78.0,Cotton
29,50,51,26.3,51.8,6.5,95.3,Groundnut
21,52,20,29.3,72.4,6.9,59.5,Blackgram
97,51,46,31.1,52.1,6.7,65.9,Maize
135,48,46,27.3,78.3,6.3,228.9,Rice
67,52,98,29.4,75.0,6.9,185.5,Coconut
112,52,43,30.4,75.2,6.0,81.7,Cotton
130,48,50,27.5,82.4,7.5,220.1,Rice
26,52,58,25.7,53.7,7.0,77.2,Groundnut
69,61,100,25.1,66.2,6.2,201.1,Coconut
90,51,40,24.5,61.8,6.3,101.0,Maize
79,60,119,30.9,76.8,6.4,123.0,Tapioca
147,43,46,28.1,77.7,5.5,195.0,Rice
142,48,53,26.0,85.9,7.2,211.2,Rice
132,51,52,25.8,81.9,6.1,224.4,Rice
203,81,99,30.1,87.1,6.3,220.8,Sugarcane
125,45,45,28.0,78.0,6.6,181.9,Rice
126,51,52,28.4,77.5,6.3,227.5,Rice
86,35,39,21.2,62.7,6.5,95.6,Maize
21,53,33,30.2,68.6,6.6,64.0,Blackgram
83,57,47,25.4,58.5,6.6,108.9,Maize
140,43,58,28.0,79.0,6.5,200.9,Rice
25,54,53,27.5,48.5,6.7,48.4,Groundnut
180,80,82,27.0,75.9,7.0,226.5,Sugarcane
141,48,50,30.1,75.5,7.7,159.9,Rice
174,88,112,32.6,83.1,7.0,243.9,Sugarcane
106,49,43,33.3,63.8,6.5,119.5,Cotton
88,50,42,26.2,66.1,5.7,88.3,Maize
14,43,34,29.9,65.6,6.5,62.3,Blackgram
129,54,44,27.1,85.0,7.3,217.6,Rice
149,48,40,24.4,71.2,6.7,210.1,Rice
133,48,43,25.3,80.0,7.3,230.2,Rice
130,49,40,29.0,75.0,6.1,230.2,Rice
20,46,31,25.6,70.3,6.6,70.2,Blackgram
21,42,32,32.1,62.7,6.4,80.1,Blackgram
95,63,35,25.7,59.2,7.3,78.0,Maize
55,46,101,28.4,77.7,5.6,195.7,Coconut
80,52,53,22.6,57.3,6.5,91.9,Maize
139,58,234,24.3,83.5,7.4,215.1,Banana
125,56,51,24.7,77.4,6.6,173.1,Rice
149,51,50,28.5,81.2,7.3,155.7,Rice
150,47,51,26.4,83.6,6.8,203.6,Rice
208,70,92,33.0,78.5,6.9,236.7,Sugarcane
74,50,104,26.6,84.1,5.6,192.5,Coconut
135,45,55,28.5,70.5,6.4,161.1,Rice
28,51,48,26.0,44.6,6.5,62.3,Groundnut
23,48,31,27.6,73.6,7.2,73.5,Blackgram
125,41,51,28.2,83.6,6.5,247.8,Rice
146,51,53,30.2,79.6,7.0,198.1,Rice
28,51,61,28.7,52.2,6.3,80.8,Groundnut
127,46,51,22.3,87.5,5.4,259.7,Rice
144,44,47,32.6,79.8,7.1,224.9,Rice
22,53,25,31.0,61.7,6.8,69.7,Blackgram
20,57,23,29.9,64.4,6.1,78.7,Blackgram
121,53,44,26.4,78.7,7.0,215.6,Rice
74,55,105,33.5,70.5,6.8,124.7,Tapioca
114,52,44,32.8,67.5,7.3,84.3,Cotton
122,52,52,24.4,76.9,7.5,197.4,Rice
34,52,56,27.5,48.4,6.8,69.2,Groundnut
60,48,110,27.1,75.1,6.1,212.8,Coconut
89,40,41,22.7,56.1,5.8,79.4,Maize
194,73,93,29.5,76.9,6.5,195.4,Sugarcane
207,79,117,34.7,72.1,6.5,204.7,Sugarcane
135,55,45,30.1,79.1,5.7,236.9,Rice
23,49,46,27.3,56.4,6.3,95.6,Groundnut
132,78,81,24.8,87.5,6.8,208.2,Turmeric
188,82,109,30.6,78.3,5.9,162.2,Sugarcane
89,49,46,24.6,59.2,6.0,83.1,Maize
146,44,57,27.5,76.5,6.7,205.9,Rice
127,48,45,27.0,82.2,6.4,305.2,Rice
118,53,47,26.6,75.5,6.4,76.3,Cotton
19,46,24,28.9,65.0,6.9,59.0,Blackgram
162,72,114,31.6,76.3,6.0,216.7,Sugarcane
140,56,56,30.1,85.4,6.2,210.5,Rice
20,45,38,29.8,69.2,7.0,84.7,Blackgram
174,59,77,29.2,82.8,6.3,207.7,Sugarcane
34,37,51,27.4,52.7,6.8,76.4,Groundnut
133,51,54,29.9,76.9,6.2,226.7,Rice
190,65,83,28.6,79.3,7.2,225.1,Sugarcane
123,48,54,24.8,72.9,6.7,145.4,Rice
128,51,54,31.9,90.7,6.1,216.0,Rice
26,49,49,27.2,55.1,6.8,73.9,Groundnut
24,53,47,27.5,46.0,6.6,83.8,Groundnut
96,46,36,24.1,63.1,5.8,97.8,Maize
148,51,47,27.0,86.1,6.7,233.9,Rice
145,45,48,26.4,84.3,5.8,247.2,Rice
191,69,96,32.5,75.6,6.5,153.8,Sugarcane
130,50,68,22.3,72.8,7.7,286.3,Rice
127,53,50,25.4,80.0,6.5,252.9,Rice
85,49,33,23.2,57.1,7.2,75.5,Maize
22,48,33,29.4,63.9,6.6,84.5,Blackgram
106,46,51,29.7,70.5,7.5,78.3,Cotton
142,54,50,28.8,78.5,7.0,245.5,Rice
129,54,54,26.4,87.1,7.2,200.7,Rice
133,51,41,29.7,87.1,5.6,242.2,Rice
25,51,49,27.6,55.1,7.3,70.1,Groundnut
62,49,109,26.5,93.0,6.3,207.9,Coconut
195,76,90,27.4,91.6,6.8,204.4,Sugarcane
141,50,48,29.4,75.2,6.6,199.3,Rice
91,52,41,22.4,58.7,6.9,54.5,Maize
115,47,48,32.2,61.8,7.0,76.3,Cotton
245,64,93,29.4,87.1,6.3,174.7,Sugarcane
20,56,21,29.8,69.3,6.2,85.3,Blackgram
128,76,90,24.2,75.6,7.2,207.7,Turmeric
132,49,46,26.4,83.0,6.9,224.0,Rice
21,52,33,33.8,65.5,6.7,74.5,Blackgram
134,49,58,24.5,82.2,6.6,240.3,Rice
128,47,48,26.7,91.8,6.7,154.0,Rice
30,49,41,28.6,54.8,6.8,105.2,Groundnut
192,79,87,28.6,78.0,6.5,217.4,Sugarcane
229,71,76,34.0,82.2,7.0,218.0,Sugarcane
27,52,53,26.2,40.7,6.8,88.7,Groundnut
33,51,58,28.7,54.1,7.3,51.6,Groundnut
23,43,64,27.8,46.3,7.0,49.0,Groundnut
140,58,59,24.9,79.7,6.2,186.0,Rice
135,44,52,27.1,75.2,6.1,192.6,Rice
251,70,85,29.0,80.6,6.8,220.4,Sugarcane
231,79,98,29.6,77.4,7.0,214.5,Sugarcane
102,43,51,27.5,73.7,7.8,51.8,Cotton
23,48,43,27.2,47.1,7.1,77.5,Groundnut
138,44,47,24.9,75.2,6.6,261.9,Rice
86,44,43,24.8,56.7,6.8,85.3,Maize
25,53,48,27.6,50.1,7.4,73.3,Groundnut
133,52,214,29.4,79.3,7.5,255.8,Banana
146,73,103,30.3,85.5,6.7,236.2,Turmeric
114,44,178,25.6,81.5,7.2,215.4,Banana
134,49,46,24.7,79.6,6.5,226.8,Rice
20,46,31,30.1,64.3,6.7,77.7,Blackgram
147,53,54,27.5,85.9,5.8,231.1,Rice
114,56,210,28.4,88.1,6.2,201.0,Banana
183,75,81,28.8,77.2,6.9,233.4,Sugarcane
22,48,33,27.0,65.7,6.7,73.8,Blackgram
30,47,57,29.3,46.7,7.1,65.1,Groundnut
136,50,41,29.7,81.4,6.3,198.5,Rice
93,57,44,26.8,63.4,7.3,80.0,Maize
21,41,23,29.7,70.9,6.6,75.6,Blackgram
127,52,50,24.2,73.6,6.7,213.2,Rice
60,53,99,25.1,82.3,6.2,213.9,Coconut
19,47,35,28.9,68.8,6.2,79.6,Blackgram
152,56,46,21.1,81.4,6.8,210.9,Rice
115,52,50,33.3,67.1,6.6,76.0,Cotton
131,46,51,29.6,74.7,5.8,300.4,Rice
181,86,87,28.0,76.6,6.9,221.6,Sugarcane
90,46,40,22.2,65.3,6.9,65.0,Maize
113,46,36,30.6,60.5,7.1,85.0,Cotton
20,52,21,27.9,66.3,5.9,86.7,Blackgram
140,57,53,31.9,78.6,6.9,243.2,Rice
136,38,52,22.2,79.2,7.0,227.0,Rice
128,59,52,28.2,86.4,7.5,269.4,Rice
125,44,53,30.0,83.5,6.6,283.6,Rice
90,45,51,22.6,55.7,5.5,79.3,Maize
142,47,47,27.8,89.0,6.5,236.4,Rice
131,48,50,26.7,77.7,6.8,200.4,Rice
23,56,55,27.2,47.1,6.3,73.0,Groundnut
141,81,94,23.7,81.7,6.9,221.4,Turmeric
143,77,71,29.7,77.0,6.4,177.7,Sugarcane
84,49,38,26.6,59.1,6.0,98.3,Maize
28,46,45,29.0,48.1,7.3,63.4,Groundnut
123,61,55,30.0,90.0,6.4,192.4,Rice
185,75,95,32.8,78.9,6.1,197.5,Sugarcane
129,44,43,24.2,76.6,6.7,266.7,Rice
98,49,34,24.6,68.5,7.1,97.2,Maize
84,49,38,26.4,52.4,6.3,85.2,Maize
95,51,28,22.5,61.0,6.9,68.9,Maize
112,58,61,29.0,77.0,7.4,78.4,Cotton
133,46,47,26.9,80.7,7.7,252.9,Rice
138,54,52,26.4,78.7,5.8,231.3,Rice
93,37,35,26.2,59.3,7.3,71.8,Maize
134,65,105,23.0,66.7,6.6,202.6,Turmeric
88,41,42,26.2,52.6,6.7,71.1,Maize
180,70,54,34.5,81.2,7.0,186.7,Sugarcane
135,47,43,23.0,86.9,6.5,238.2,Rice
95,49,42,29.6,54.5,5.6,71.3,Maize
108,46,41,34.4,68.0,8.3,82.3,Cotton
36,54,58,28.4,51.7,6.7,84.3,Groundnut
144,57,55,27.5,80.3,6.6,188.0,Rice
28,46,50,26.7,46.3,6.6,44.8,Groundnut
138,52,46,21.5,83.0,6.5,287.1,Rice
16,54,30,29.5,62.8,6.6,75.0,Blackgram
126,46,48,22.7,78.8,6.3,251.1,Rice
129,42,49,27.1,86.2,6.6,218.7,Rice
135,51,37,23.5,80.3,6.4,221.9,Rice
33,50,47,29.1,47.1,6.7,67.8,Groundnut
61,51,92,27.3,84.1,6.2,189.3,Coconut
24,44,36,28.2,64.6,7.0,86.7,Blackgram
202,83,104,32.2,80.2,6.8,227.6,Sugarcane
139,57,44,27.8,79.9,6.5,184.4,Rice
167,66,100,26.9,82.3,6.7,187.7,Sugarcane
19,52,25,27.3,62.6,6.9,61.8,Blackgram
203,84,124,25.1,86.5,6.9,225.0,Sugarcane
127,55,40,26.6,85.0,6.6,184.1,Rice
135,48,48,25.5,78.1,7.2,246.1,Rice
120,58,50,26.0,67.7,6.5,68.3,Cotton
149,47,49,25.2,71.2,6.5,289.2,Rice
133,48,49,26.5,73.3,6.9,245.4,Rice
88,53,42,24.0,59.9,6.9,76.1,Maize
82,45,41,27.9,56.7,6.5,64.8,Maize
18,50,30,32.6,70.0,7.0,81.9,Blackgram
139,38,49,24.4,74.1,7.1,240.6,Rice
143,56,53,23.6,87.6,6.3,230.2,Rice
111,46,192,27.5,73.6,6.8,199.4,Banana
18,49,29,28.9,64.2,7.4,73.5,Blackgram
21,42,31,31.1,68.3,6.9,89.1,Blackgram
103,40,50,30.2,60.9,6.6,63.3,Cotton
21,45,35,28.3,64.8,6.7,62.3,Blackgram
128,58,44,26.3,77.6,7.3,222.9,Rice
20,55,32,25.3,76.0,6.6,69.1,Blackgram
91,46,38,24.6,60.7,7.2,72.3,Maize
17,50,34,28.4,69.6,6.3,69.4,Blackgram
115,56,251,26.7,84.8,6.9,180.1,Banana
205,87,70,29.5,84.7,6.7,205.1,Sugarcane
112,50,202,26.2,75.8,7.2,207.2,Banana
21,47,26,31.0,77.3,6.4,72.8,Blackgram
143,51,53,31.0,76.3,6.6,176.4,Rice
69,62,110,29.3,71.9,6.6,139.9,Tapioca
91,49,38,25.2,57.9,6.0,81.1,Maize
109,52,177,28.3,91.7,6.7,226.7,Banana
127,50,52,29.0,74.7,6.3,227.4,Rice
90,47,39,24.7,49.1,7.1,75.2,Maize
16,42,33,25.3,66.1,6.5,84.6,Blackgram
70,61,99,27.0,70.8,5.9,102.2,Tapioca
80,57,87,32.7,72.7,6.2,99.4,Tapioca
150,52,52,23.3,78.2,7.0,153.5,Rice
109,55,55,31.8,62.9,6.9,61.3,Cotton
35,41,57,28.6,53.6,7.0,51.4,Groundnut
85,51,43,27.6,55.6,6.5,107.4,Maize
117,47,225,27.6,82.1,7.3,198.9,Banana
139,47,52,28.2,74.2,6.4,190.0,Rice
107,57,50,29.5,64.9,7.3,53.4,Cotton
89,53,43,24.9,62.6,6.0,83.2,Maize
132,47,59,22.6,80.6,6.4,235.4,Rice
138,51,48,28.6,85.9,7.0,201.9,Rice
132,55,45,27.2,82.6,7.1,255.4,Rice
134,51,52,23.0,77.3,6.3,206.5,Rice
110,47,52,32.5,65.3,6.7,82.6,Cotton
131,60,96,27.5,82.0,6.8,223.8,Turmeric
139,46,60,26.0,79.6,7.2,248.2,Rice
129,46,54,30.5,73.1,6.2,258.6,Rice
88,56,37,21.2,57.4,6.3,77.5,Maize
19,47,30,26.7,67.4,6.1,72.9,Blackgram
90,41,38,24.7,56.6,6.7,69.1,Maize
105,39,54,27.2,74.7,6.2,75.7,Cotton
95,55,48,25.6,60.5,6.6,67.9,Maize
27,43,45,27.7,47.9,6.7,68.9,Groundnut
142,50,45,28.0,83.8,6.0,286.7,Rice
182,77,107,31.3,71.6,7.0,184.1,Sugarcane
16,45,30,31.3,64.6,6.5,77.0,Blackgram
36,42,46,27.6,47.8,6.7,74.3,Groundnut
109,53,174,28.4,85.0,6.2,184.8,Banana
150,46,52,26.2,84.2,6.5,248.0,Rice
132,82,95,19.8,83.6,6.3,179.9,Turmeric
66,49,96,28.7,74.5,6.5,166.1,Coconut
22,45,32,26.1,68.2,6.0,71.0,Blackgram
148,50,48,25.8,86.4,5.9,285.0,Rice
28,47,49,28.8,46.9,6.5,50.0,Groundnut
31,42,45,27.4,45.5,6.7,93.2,Groundnut
56,52,86,27.9,82.5,6.8,207.8,Coconut
222,66,82,30.5,87.2,6.0,202.1,Sugarcane
21,51,33,30.9,69.9,6.3,71.7,Blackgram
141,49,47,25.0,74.5,6.4,191.7,Rice
20,51,24,29.6,66.3,6.6,69.1,Blackgram
147,56,193,26.8,76.1,6.9,166.7,Banana
26,41,57,28.5,53.1,6.4,83.7,Groundnut
74,42,106,24.9,83.9,6.2,225.3,Coconut
131,46,48,28.4,83.0,6.2,224.8,Rice
29,38,53,28.6,51.8,6.6,64.1,Groundnut
140,54,51,29.4,86.7,6.2,206.1,Rice
92,50,36,24.2,51.5,6.7,96.0,Maize
220,72,62,29.9,81.2,7.2,241.5,Sugarcane
96,47,41,28.0,61.0,6.0,110.4,Maize
36,49,53,29.3,39.3,7.1,75.3,Groundnut
81,46,95,28.1,88.0,6.2,174.0,Coconut
20,47,38,30.6,66.0,6.8,79.1,Blackgram
121,46,49,26.5,80.0,6.5,219.2,Rice
25,47,46,27.2,59.4,6.4,74.7,Groundnut
179,73,93,31.9,74.9,7.2,227.6,Sugarcane
110,81,106,24.8,83.4,6.7,183.8,Turmeric
37,46,51,27.2,54.3,6.5,71.3,Groundnut
207,81,109,25.7,79.9,6.5,168.7,Sugarcane
198,75,100,28.8,73.6,6.9,200.3,Sugarcane
104,43,45,25.8,71.9,7.2,83.6,Cotton
20,55,31,29.3,64.6,5.9,70.9,Blackgram
121,45,45,27.9,80.8,6.4,233.2,Rice
70,52,117,30.5,65.0,7.0,115.8,Tapioca
132,45,61,25.0,81.9,5.9,286.7,Rice
124,77,113,21.6,86.4,5.7,190.4,Turmeric
17,36,31,32.2,68.2,6.8,75.0,Blackgram
113,51,185,26.7,87.1,6.5,140.6,Banana
113,59,51,28.1,76.3,7.6,44.7,Cotton
144,74,94,21.4,71.3,6.9,194.0,Turmeric
175,81,102,28.5,78.4,6.6,267.4,Sugarcane
89,40,39,19.9,61.3,6.0,104.5,Maize
129,54,52,26.1,84.9,6.7,147.9,Rice
20,47,27,25.5,68.2,7.2,78.7,Blackgram
61,56,90,30.1,72.4,6.3,113.9,Tapioca
54,45,110,27.0,86.8,6.7,181.1,Coconut
125,39,53,23.1,84.2,5.5,204.2,Rice
211,77,87,33.8,77.5,6.9,227.7,Sugarcane
125,43,51,28.2,84.6,6.8,290.0,Rice
119,47,45,26.1,80.9,6.1,272.1,Rice
115,46,52,31.0,73.3,7.5,54.2,Cotton
135,52,56,28.2,76.6,5.6,277.9,Rice
81,46,40,24.8,61.2,6.8,118.1,Maize
139,46,55,28.0,82.4,6.5,292.8,Rice
121,48,57,28.2,80.6,6.5,261.6,Rice
204,78,89,30.2,87.1,7.2,180.1,Sugarcane
126,48,43,22.6,70.7,6.6,157.6,Rice
18,53,33,30.9,65.4,6.8,67.1,Blackgram
107,57,52,28.1,74.3,7.4,71.5,Cotton
20,53,33,29.1,68.5,7.1,78.8,Blackgram
138,50,60,26.1,79.4,6.4,207.7,Rice
130,64,92,26.0,76.0,6.3,260.0,Turmeric
133,57,50,22.6,87.9,6.4,258.8,Rice
87,55,39,23.6,57.8,6.3,75.8,Maize
21,56,30,31.4,76.6,6.6,77.5,Blackgram
128,50,51,24.7,83.2,6.3,135.7,Rice
29,49,51,28.1,56.8,6.7,87.3,Groundnut
60,58,109,27.1,73.9,5.9,173.1,Coconut
103,39,54,33.8,68.9,7.0,71.4,Cotton
101,53,42,30.2,72.3,7.3,85.5,Cotton
140,53,54,26.7,75.9,6.4,256.4,Rice
20,47,26,28.2,72.1,7.0,74.9,Blackgram
24,52,34,30.0,61.9,7.0,66.1,Blackgram
107,44,45,30.0,69.5,7.1,73.7,Cotton
148,46,52,30.6,75.1,5.3,226.9,Rice
144,51,49,29.2,85.9,6.8,222.6,Rice
117,44,47,30.3,72.0,6.7,76.1,Cotton
83,52,38,24.6,56.7,6.1,76.3,Maize
139,56,52,26.5,81.5,5.7,240.9,Rice
24,52,54,26.6,50.3,7.3,69.2,Groundnut
79,48,93,27.6,74.7,6.6,213.0,Coconut
136,47,49,30.3,74.3,8.0,226.2,Rice
135,55,50,25.1,79.0,5.5,157.3,Rice
83,47,47,25.8,63.2,6.4,75.1,Maize
137,58,48,27.2,89.8,7.6,234.8,Rice
85,53,43,25.1,63.6,6.6,80.2,Maize
22,53,32,27.7,61.4,6.6,65.3,Blackgram
111,47,45,28.2,66.9,6.3,65.5,Cotton
208,71,111,29.9,78.7,5.8,165.3,Sugarcane
34,46,48,26.6,45.9,6.4,79.6,Groundnut
94,48,39,24.6,64.4,6.3,83.9,Maize
24,54,51,28.0,43.7,6.3,84.8,Groundnut
75,59,92,35.0,70.8,6.1,128.4,Tapioca
125,49,53,27.9,77.3,6.5,284.2,Rice
22,51,23,33.8,65.6,6.6,71.5,Blackgram
127,49,57,29.4,77.7,7.1,207.5,Rice
20,41,26,28.8,71.8,7.0,77.4,Blackgram
16,55,24,30.0,76.1,8.1,80.7,Blackgram
130,49,51,28.2,82.2,6.3,234.8,Rice
99,55,43,27.5,71.5,7.4,63.7,Cotton
147,54,54,29.8,84.5,6.8,178.5,Rice
97,49,41,23.3,65.2,6.7,95.6,Maize
106,49,48,32.0,73.2,6.2,86.5,Cotton
29,54,42,27.4,51.1,6.2,86.4,Groundnut
73,62,103,25.4,67.6,6.1,109.5,Tapioca
88,49,43,23.8,61.4,6.0,79.5,Maize
114,48,45,29.4,68.7,7.4,56.1,Cotton
105,48,233,27.6,81.3,5.7,262.2,Banana
152,51,45,27.5,71.5,6.6,270.6,Rice
142,46,52,25.1,82.0,6.7,239.4,Rice
141,48,50,31.2,81.4,6.0,218.1,Rice
111,41,52,31.2,61.0,5.8,63.0,Cotton
20,47,53,26.8,53.7,7.0,81.1,Groundnut
136,47,46,22.4,80.1,6.0,135.9,Rice
94,50,39,23.8,58.7,7.9,119.8,Maize
76,53,89,30.0,72.3,6.0,117.3,Tapioca
115,51,173,27.0,86.8,7.0,265.3,Banana
35,52,46,26.9,56.0,7.0,79.6,Groundnut
172,81,121,30.5,76.6,6.4,230.4,Sugarcane
135,49,55,29.7,84.8,6.0,245.8,Rice
128,51,43,27.0,83.9,6.3,243.3,Rice
90,56,29,24.6,68.7,6.7,70.1,Maize
91,48,44,21.9,66.1,6.8,66.3,Maize
200,64,60,31.4,78.5,7.4,198.2,Sugarcane
134,44,56,21.6,88.2,5.6,182.5,Rice
118,41,48,31.8,64.7,7.6,85.5,Cotton
79,49,54,23.5,59.3,6.4,99.0,Maize
17,47,20,30.4,67.6,6.0,67.1,Blackgram
29,56,52,28.7,51.9,6.4,90.2,Groundnut
132,59,51,25.5,82.3,6.8,190.6,Rice
140,53,43,24.9,86.6,6.9,252.9,Rice
133,55,43,23.5,80.7,6.4,194.6,Rice
90,45,42,23.9,54.6,7.3,78.1,Maize
141,46,51,28.7,71.4,7.2,203.0,Rice
96,50,36,25.1,64.4,7.0,68.4,Maize
60,51,103,27.1,79.3,6.7,187.7,Coconut
96,52,43,24.4,64.2,6.7,100.6,Maize
100,56,42,28.8,56.0,6.3,80.4,Maize
81,46,42,27.5,57.6,6.1,98.4,Maize
136,46,52,26.1,76.5,7.0,143.8,Rice
128,39,43,30.8,82.5,7.2,243.6,Rice
99,48,45,24.1,54.8,6.6,94.6,Maize
64,55,85,29.4,78.1,6.3,263.0,Coconut
17,45,29,27.1,69.8,6.9,73.4,Blackgram
86,47,39,25.7,60.3,6.1,75.2,Maize
36,42,50,28.3,43.3,7.1,67.9,Groundnut
38,54,47,27.7,56.9,6.6,72.1,Groundnut
25,42,26,28.4,65.1,6.2,73.4,Blackgram
93,55,25,28.8,56.3,6.7,96.3,Maize
148,61,52,26.2,67.6,6.9,262.6,Rice
112,46,54,26.6,67.2,6.6,75.0,Cotton
134,34,55,28.3,74.7,7.0,269.6,Rice
132,57,51,26.9,81.4,5.8,226.4,Rice
127,41,51,29.4,77.5,6.7,105.4,Rice
144,50,50,28.1,84.8,6.2,313.4,Rice
95,46,34,25.4,64.6,6.9,88.1,Maize
145,44,60,21.4,82.5,7.2,199.6,Rice
82,50,35,25.6,57.3,5.7,93.0,Maize
221,73,107,27.8,73.4,7.2,201.1,Sugarcane
88,53,36,25.2,60.5,6.1,80.5,Maize
197,68,86,27.7,76.8,6.3,164.3,Sugarcane
193,82,74,31.5,87.3,6.1,229.8,Sugarcane
126,46,56,25.2,80.2,7.1,178.4,Rice
215,87,117,32.2,67.6,6.7,187.4,Sugarcane
139,47,42,29.5,87.0,6.2,172.1,Rice
137,51,53,29.8,82.3,7.9,220.4,Rice
35,48,56,27.9,55.4,6.4,78.6,Groundnut
68,65,104,31.1,54.6,6.3,126.7,Tapioca
25,51,46,29.7,47.6,6.8,75.8,Groundnut
20,46,31,30.8,68.1,6.9,76.5,Blackgram
82,55,110,29.4,70.3,6.4,119.1,Tapioca
123,45,243,25.8,80.3,6.0,218.8,Banana
233,73,79,23.6,73.0,6.8,227.8,Sugarcane
90,49,48,25.2,52.9,7.2,85.7,Maize
19,45,22,28.6,77.2,6.9,63.1,Blackgram
218,73,66,33.0,81.5,6.7,211.4,Sugarcane
22,51,29,30.0,66.9,6.0,84.6,Blackgram
20,46,32,25.5,60.5,7.1,79.5,Blackgram
84,43,40,20.1,66.1,6.6,89.1,Maize
129,55,167,27.6,84.1,6.4,200.7,Banana
128,39,54,28.7,81.4,7.3,256.2,Rice
43,56,52,26.0,45.6,6.4,71.0,Groundnut
89,57,46,19.5,59.5,5.7,88.2,Maize
90,42,37,27.8,62.1,6.5,79.9,Maize
148,45,58,27.2,74.8,6.9,291.6,Rice
133,47,43,25.6,85.0,6.2,215.1,Rice
76,58,90,29.8,71.8,6.1,94.8,Tapioca
139,50,53,25.5,94.6,6.6,303.0,Rice
231,74,98,25.4,86.4,6.5,212.5,Sugarcane
113,53,49,26.7,71.6,6.3,53.5,Cotton
76,45,110,28.5,85.6,6.2,164.3,Coconut
25,46,49,27.2,51.2,7.2,63.2,Groundnut
70,42,91,26.8,72.7,6.5,227.9,Coconut
23,46,32,29.1,66.6,6.5,87.5,Blackgram
19,50,23,32.1,73.0,6.4,75.8,Blackgram
32,48,51,25.9,39.9,5.8,69.9,Groundnut
20,51,37,27.1,63.8,7.1,73.2,Blackgram
94,53,44,24.2,64.4,6.4,70.6,Maize
181,71,100,33.0,86.3,6.9,175.0,Sugarcane
21,54,35,30.8,68.9,6.6,78.1,Blackgram
112,42,52,32.3,77.2,6.8,80.2,Cotton
107,47,45,30.1,70.9,8.1,109.1,Cotton
102,59,34,23.9,57.6,5.8,85.0,Maize
136,41,50,25.7,92.5,5.9,197.8,Rice
122,38,192,26.0,81.2,6.8,196.9,Banana
28,52,44,27.8,51.7,6.5,79.2,Groundnut
89,57,38,24.3,59.9,6.3,83.6,Maize
59,46,121,28.3,83.0,7.1,212.0,Coconut
83,40,43,27.2,60.0,6.8,83.6,Maize
138,50,214,27.5,79.9,6.6,222.4,Banana
92,51,42,22.0,63.7,6.4,90.5,Maize
21,45,52,28.4,50.7,6.5,87.4,Groundnut
24,49,52,25.8,57.7,6.7,80.5,Groundnut
151,49,44,25.7,87.3,6.6,237.1,Rice
131,82,87,24.8,83.8,6.5,217.0,Turmeric
139,75,123,25.7,73.6,6.4,235.2,Turmeric
133,45,49,26.9,72.1,6.4,185.7,Rice
123,54,42,29.8,83.6,6.1,212.6,Rice
91,50,36,26.9,63.9,7.0,50.9,Maize
84,44,42,24.6,67.1,6.9,87.7,Maize
34,52,45,26.7,51.4,6.4,77.2,Groundnut
134,46,50,26.2,80.4,6.5,210.4,Rice
112,54,189,27.7,73.2,6.7,211.6,Banana
19,55,22,34.0,67.4,6.5,72.9,Blackgram
195,72,65,27.7,79.1,6.5,197.9,Sugarcane
134,47,49,24.5,88.3,6.3,226.6,Rice
119,45,45,28.1,83.4,7.2,252.8,Rice
32,47,56,26.7,56.5,6.4,58.6,Groundnut
68,56,89,28.2,79.9,6.8,172.7,Coconut
138,49,46,27.0,81.8,6.8,245.7,Rice
108,53,49,28.4,76.5,6.9,87.5,Cotton
85,55,40,22.2,54.0,5.8,81.6,Maize
116,54,203,28.7,74.5,7.1,220.0,Banana
16,64,26,26.8,71.1,7.0,60.6,Blackgram
130,42,48,25.7,81.0,6.1,258.9,Rice
128,42,46,26.2,82.4,6.6,258.5,Rice
87,49,44,28.0,56.3,6.0,79.2,Maize
97,63,34,25.6,56.8,6.6,77.8,Maize
135,48,41,26.3,75.2,6.6,264.4,Rice
174,81,64,32.8,78.0,6.2,219.9,Sugarcane
134,46,46,22.5,88.4,6.6,162.6,Rice
111,50,48,26.8,66.2,7.2,81.3,Cotton
18,46,23,25.6,65.0,6.8,77.0,Blackgram
89,44,45,27.1,66.2,6.3,58.5,Maize
198,66,110,33.7,80.1,7.0,243.4,Sugarcane
129,56,191,28.9,79.3,7.5,193.4,Banana
137,48,49,25.3,76.4,6.4,239.3,Rice
21,53,32,31.0,70.3,6.3,69.7,Blackgram
124,48,40,25.7,74.1,7.1,137.3,Rice
87,53,38,21.8,59.8,5.9,75.7,Maize
84,53,43,24.0,54.1,6.2,77.8,Maize
109,51,216,28.4,75.4,7.0,207.5,Banana
121,47,45,22.7,72.7,6.7,198.2,Rice
86,45,42,24.3,60.4,6.9,64.5,Maize
16,58,30,30.6,67.0,6.9,77.0,Blackgram
23,53,36,33.0,69.3,6.6,84.8,Blackgram
199,83,100,28.4,79.8,6.9,195.6,Sugarcane
186,82,74,31.2,81.3,6.7,207.5,Sugarcane
126,52,53,31.0,77.6,6.8,209.9,Rice
141,68,91,25.0,82.9,6.9,228.0,Turmeric
135,51,48,27.9,81.7,7.6,266.5,Rice
79,52,112,28.2,74.9,6.2,245.6,Coconut
142,39,46,23.9,79.2,6.5,224.9,Rice
194,89,102,31.9,83.7,6.9,211.1,Sugarcane
55,43,104,29.2,73.4,5.9,214.9,Coconut
91,54,35,29.9,54.4,6.9,73.1,Maize
144,45,221,27.1,80.6,6.1,193.0,Banana
114,49,54,26.7,67.0,6.9,94.0,Cotton
91,51,30,25.9,50.6,6.2,79.3,Maize
144,53,51,26.9,84.0,6.2,212.4,Rice
131,44,54,23.9,78.4,6.5,285.1,Rice
17,57,32,28.1,69.2,7.2,67.9,Blackgram
16,53,35,31.3,68.5,5.8,79.1,Blackgram
28,43,55,24.3,46.6,7.3,68.2,Groundnut
110,44,50,30.8,68.5,6.4,68.0,Cotton
97,57,32,22.9,50.8,7.2,80.0,Maize
73,48,35,26.2,58.4,6.5,126.0,Maize
123,76,97,24.5,82.7,6.1,182.9,Turmeric
204,66,89,29.1,75.5,6.8,199.3,Sugarcane
107,52,53,26.8,67.6,7.7,52.4,Cotton
128,46,51,27.0,71.1,6.4,160.7,Rice
126,45,52,25.5,75.4,6.9,236.5,Rice
29,45,57,29.0,49.7,6.5,83.3,Groundnut
58,54,105,26.6,80.0,6.2,231.2,Coconut
116,46,53,29.8,78.5,6.9,86.9,Cotton
130,61,49,24.3,82.6,6.9,207.0,Rice
110,44,50,33.2,69.0,6.8,63.6,Cotton
65,49,119,26.2,74.6,5.7,192.6,Coconut
22,46,26,25.6,65.6,6.7,81.6,Blackgram
141,55,53,22.2,79.9,6.6,271.0,Rice
64,51,101,27.0,88.7,6.8,221.4,Coconut
19,58,26,29.5,69.9,6.4,75.8,Blackgram
95,54,47,23.9,53.4,7.1,84.2,Maize
134,58,48,25.8,77.5,7.0,264.2,Rice
34,49,55,26.0,49.8,6.0,80.8,Groundnut
121,46,56,30.5,87.6,6.3,257.7,Rice
18,46,23,31.6,68.0,7.0,54.1,Blackgram
86,37,43,23.1,58.6,6.3,80.7,Maize
19,49,32,29.8,56.1,7.1,72.0,Blackgram
18,59,32,33.3,66.6,7.3,76.5,Blackgram
90,55,40,26.5,62.6,6.7,92.6,Maize
113,48,50,27.5,62.1,6.9,86.6,Cotton
92,52,40,18.9,54.7,7.2,77.4,Maize
140,55,48,24.3,75.8,7.5,228.5,Rice
137,50,47,23.6,86.4,6.9,222.6,Rice
86,41,32,23.9,60.8,7.0,89.0,Maize
179,60,92,29.3,78.2,7.0,179.8,Sugarcane
127,73,78,26.6,85.1,6.1,189.6,Turmeric
30,57,46,28.0,48.8,6.3,82.2,Groundnut
124,50,47,25.4,80.0,5.9,230.2,Rice
125,54,41,26.9,77.0,6.9,246.7,Rice
86,35,37,32.1,63.9,6.4,86.8,Maize
20,43,34,26.2,64.4,6.7,84.3,Blackgram
130,77,97,24.3,79.6,7.0,179.7,Turmeric
133,49,55,28.6,76.5,5.5,221.0,Rice
106,45,47,26.2,72.3,7.1,73.7,Cotton
136,48,44,26.5,85.6,6.7,297.3,Rice
197,75,87,30.6,81.5,6.6,232.4,Sugarcane
140,42,57,24.1,86.5,6.0,247.8,Rice
141,48,51,27.3,80.2,6.5,311.9,Rice
139,58,45,29.5,88.9,6.7,254.4,Rice
105,48,45,33.4,74.3,7.2,89.5,Cotton
141,46,195,27.4,79.1,6.7,225.8,Banana
135,39,47,28.6,77.6,6.4,284.3,Rice
143,49,52,24.2,83.3,6.1,241.0,Rice
34,42,42,27.2,54.4,6.9,64.4,Groundnut
19,41,26,27.2,62.7,6.6,60.8,Blackgram
197,78,92,30.8,74.1,6.7,225.9,Sugarcane
25,43,48,28.2,43.6,6.5,59.4,Groundnut
20,47,31,31.1,59.6,6.7,92.6,Blackgram
120,57,186,27.8,81.5,6.7,233.7,Banana
226,81,94,29.5,77.7,6.1,172.2,Sugarcane
32,56,48,28.3,51.7,6.7,54.4,Groundnut
144,62,84,30.8,85.2,6.4,171.2,Sugarcane
127,52,47,24.7,83.0,5.9,262.0,Rice
126,44,49,28.7,80.0,6.2,272.6,Rice
109,54,57,30.8,77.5,7.6,89.8,Cotton
87,57,49,25.6,64.3,6.1,99.9,Maize
206,64,82,27.2,74.2,6.8,179.8,Sugarcane
118,44,41,30.5,77.0,6.4,228.9,Rice
88,60,43,23.9,58.4,6.6,89.7,Maize
19,50,31,30.5,70.9,6.6,70.6,Blackgram
123,45,193,26.5,92.0,6.8,199.8,Banana
105,59,52,33.5,63.1,6.9,73.1,Cotton
141,40,44,30.2,77.1,6.1,192.7,Rice
25,56,55,28.1,58.7,6.8,66.7,Groundnut
135,58,55,30.7,74.3,6.5,241.3,Rice
94,53,37,27.1,56.6,6.6,87.3,Maize
105,48,55,31.1,75.2,7.2,78.7,Cotton
92,46,42,26.3,68.1,7.1,69.9,Maize
76,54,98,29.4,77.8,5.3,229.7,Coconut
133,54,47,31.4,78.4,5.9,172.9,Rice
109,54,53,25.9,74.6,8.0,78.1,Cotton
92,58,47,23.6,60.8,6.1,95.3,Maize
110,53,45,30.6,68.6,7.8,76.7,Cotton
110,50,45,30.1,71.8,6.9,85.4,Cotton
98,50,36,27.4,72.1,6.3,52.4,Maize
133,52,54,22.8,80.5,6.7,233.1,Rice
128,75,98,24.5,81.1,6.7,225.0,Turmeric
139,46,42,27.5,76.3,5.9,197.4,Rice
132,46,52,27.9,82.8,5.8,230.4,Rice
106,44,42,26.7,75.3,7.0,80.7,Cotton
119,55,39,24.7,78.1,7.6,70.9,Cotton
167,75,75,29.3,72.9,6.7,162.4,Sugarcane
135,48,43,26.1,83.2,6.5,299.5,Rice
215,73,81,30.2,80.3,6.8,188.1,Sugarcane
27,47,57,27.7,46.8,6.7,89.5,Groundnut
32,51,43,26.7,43.8,6.6,72.5,Groundnut
34,51,45,29.6,34.4,6.4,54.8,Groundnut
124,59,46,30.2,81.3,6.6,303.4,Rice
80,51,45,25.6,53.1,6.2,116.3,Maize
135,57,42,25.2,84.1,7.0,242.6,Rice
128,67,106,25.8,83.0,6.8,261.0,Turmeric
193,63,94,28.8,77.3,6.7,163.7,Sugarcane
130,79,91,24.9,77.9,6.5,195.5,Turmeric
192,74,57,30.9,83.9,7.0,141.8,Sugarcane
60,51,107,26.3,84.4,6.2,161.4,Coconut
107,55,66,27.6,69.5,7.2,72.0,Cotton
143,45,52,24.5,83.3,6.0,286.2,Rice
140,47,46,23.4,87.4,5.5,204.2,Rice
93,54,41,28.5,64.3,6.6,77.2,Maize
141,56,50,25.0,78.9,6.5,261.6,Rice
15,48,24,27.4,72.6,6.5,83.1,Blackgram
143,77,85,25.3,72.4,6.4,234.5,Turmeric
86,62,40,23.0,59.0,7.1,85.0,Maize
93,39,36,23.9,66.9,7.2,73.7,Maize
103,48,46,30.7,69.4,7.2,60.1,Cotton
91,64,36,22.8,59.7,7.1,78.9,Maize
17,47,29,28.9,67.2,7.3,67.4,Blackgram
144,49,51,23.4,78.5,6.3,238.8,Rice
85,52,37,28.5,60.7,6.3,65.9,Maize
108,58,211,26.9,78.6,6.8,152.3,Banana
108,54,210,28.0,77.6,7.0,179.4,Banana
125,40,60,31.4,80.9,6.7,207.0,Rice
94,55,43,27.4,49.8,7.5,92.9,Maize
135,87,89,21.8,78.6,6.4,233.2,Turmeric
254,71,61,32.4,84.8,7.2,182.7,Sugarcane
178,69,96,29.8,79.1,7.0,237.2,Sugarcane
96,48,33,29.4,58.5,6.1,89.1,Maize
117,62,106,26.0,79.1,6.9,233.8,Turmeric
37,47,45,27.9,38.8,6.4,83.4,Groundnut
140,49,53,28.8,81.9,5.8,298.4,Rice
143,52,54,28.8,83.3,6.8,239.8,Rice
23,54,48,26.2,56.5,7.0,74.8,Groundnut
96,48,43,26.3,68.7,7.6,71.5,Cotton
160,76,123,36.3,75.5,7.2,194.5,Sugarcane
114,56,214,28.9,85.8,7.2,201.0,Banana
21,46,23,31.9,63.6,7.1,76.9,Blackgram
80,50,39,29.5,60.5,6.2,100.7,Maize
85,49,41,27.7,63.2,6.4,69.7,Maize
123,44,165,25.3,83.7,6.8,220.2,Banana
32,51,56,26.1,48.6,6.5,87.6,Groundnut
125,56,54,28.2,86.8,6.6,269.3,Rice
127,51,210,27.6,85.1,7.0,169.0,Banana
91,53,37,20.1,61.6,6.5,92.3,Maize
219,69,82,30.3,70.8,6.4,194.0,Sugarcane
29,56,51,28.2,45.5,6.9,70.8,Groundnut
130,36,49,26.6,88.0,6.0,259.8,Rice
145,54,45,26.3,78.3,6.0,245.7,Rice
31,56,48,24.7,43.6,7.1,64.1,Groundnut
91,46,40,27.7,61.9,6.7,93.5,Maize
189,80,91,24.9,85.7,6.6,205.6,Sugarcane
129,51,57,25.7,77.0,7.6,275.6,Rice
81,50,37,27.9,62.0,6.1,86.1,Maize
211,76,100,30.1,77.7,6.5,198.4,Sugarcane
135,49,59,24.3,84.4,5.8,221.2,Rice
32,53,44,29.7,47.6,6.9,64.5,Groundnut
137,56,47,28.2,80.1,6.6,245.8,Rice
143,53,47,27.5,81.8,6.7,298.9,Rice
20,58,38,27.7,65.5,7.1,90.5,Blackgram
129,65,121,25.6,74.0,6.8,201.5,Turmeric
120,42,43,33.5,75.0,6.0,69.4,Cotton
138,56,47,26.5,77.1,6.4,215.6,Rice
99,48,41,27.6,56.0,7.2,105.2,Maize
21,44,26,28.5,65.5,6.5,71.9,Blackgram
16,48,27,27.1,64.0,6.8,69.6,Blackgram
80,54,113,29.4,75.1,6.0,124.9,Tapioca
77,42,93,27.8,78.6,6.1,197.8,Coconut
106,44,52,29.1,68.6,7.4,85.6,Cotton
90,35,41,23.8,54.6,6.9,70.9,Maize
123,60,42,24.4,78.2,6.0,284.5,Rice
16,48,24,27.1,67.3,7.2,75.1,Blackgram
23,48,32,31.7,68.0,6.0,74.1,Blackgram
94,55,42,24.2,58.0,6.4,75.3,Maize
16,50,29,28.6,67.8,6.9,79.2,Blackgram
119,54,193,27.6,79.5,6.7,229.2,Banana
33,49,48,26.9,54.7,6.5,83.6,Groundnut
146,45,42,28.7,76.1,6.5,135.2,Rice
19,53,21,33.1,69.8,6.7,66.5,Blackgram
205,70,99,26.4,84.2,6.7,178.6,Sugarcane
112,55,43,34.2,64.7,7.1,54.0,Cotton
115,59,221,26.8,79.1,7.1,191.2,Banana
133,47,40,25.1,78.5,6.8,216.8,Rice
110,53,55,31.4,73.6,7.2,81.0,Cotton
63,56,88,30.8,70.3,6.7,126.7,Tapioca
116,48,49,25.5,82.2,6.2,202.7,Rice
160,75,97,33.1,73.7,6.8,213.7,Sugarcane
191,62,81,26.1,84.1,6.9,244.0,Sugarcane
82,47,43,19.9,63.0,6.1,92.7,Maize
141,51,46,29.5,73.6,6.8,276.9,Rice
135,52,58,24.8,85.6,7.4,247.8,Rice
78,58,43,21.2,59.1,6.1,86.2,Maize
159,72,71,30.1,82.9,6.8,194.4,Sugarcane
81,51,47,27.1,57.7,6.5,83.4,Maize
136,55,41,32.1,78.1,7.7,155.4,Rice
130,48,45,24.9,84.9,6.4,236.9,Rice
109,55,60,30.4,73.2,7.3,67.0,Cotton
137,43,43,29.5,81.8,7.0,236.9,Rice
20,44,32,27.4,70.6,6.5,83.2,Blackgram
123,70,101,28.4,83.3,7.1,173.1,Turmeric
133,51,47,30.1,73.6,6.2,239.9,Rice
126,44,61,30.1,86.1,5.7,243.5,Rice
122,46,211,27.3,80.9,6.8,198.0,Banana
89,49,44,23.9,53.5,6.3,80.0,Maize
92,44,43,26.6,57.1,6.0,91.5,Maize
71,48,97,29.9,82.0,5.8,178.4,Coconut
19,45,32,26.5,68.9,7.2,74.5,Blackgram
129,51,46,23.7,77.2,6.6,272.7,Rice
16,52,36,29.0,70.1,6.9,77.2,Blackgram
130,54,182,29.8,84.6,6.4,202.7,Banana
146,73,115,27.3,77.8,6.2,192.3,Turmeric
71,54,103,28.4,71.1,6.5,153.4,Coconut
110,53,202,26.7,78.2,7.8,216.0,Banana
168,83,95,32.8,83.8,6.8,183.4,Sugarcane
207,69,73,29.0,82.7,6.5,150.9,Sugarcane
144,53,50,24.4,80.8,6.0,216.8,Rice
26,55,52,26.8,41.1,6.5,55.2,Groundnut
136,40,45,29.7,79.2,6.5,191.0,Rice
18,56,32,26.9,65.9,7.7,74.1,Blackgram
142,48,55,20.7,84.5,6.8,180.6,Rice
90,55,43,28.3,57.7,6.3,74.3,Maize
132,49,49,24.0,79.0,6.2,221.6,Rice
135,36,47,23.8,84.5,7.0,250.8,Rice
139,41,55,24.3,73.5,6.6,162.4,Rice
134,51,55,33.8,82.2,6.5,264.7,Rice
127,55,53,25.5,73.5,7.2,233.5,Rice
170,76,82,32.4,75.6,6.7,203.8,Sugarcane
88,48,37,22.9,57.4,6.5,100.9,Maize
87,43,40,22.5,62.4,7.3,85.0,Maize
115,46,50,24.5,64.7,7.3,84.3,Cotton
117,58,54,31.6,72.6,6.8,83.5,Cotton
144,36,49,25.7,76.6,5.7,265.1,Rice
93,47,42,22.1,61.3,7.4,84.8,Maize
133,50,49,25.5,76.1,6.6,285.8,Rice
135,55,49,26.6,91.0,6.8,245.9,Rice
17,46,32,28.8,68.3,7.1,73.8,Blackgram
48,42,106,26.9,78.4,6.0,227.4,Coconut
23,48,48,27.6,43.5,6.2,73.6,Groundnut
109,55,46,29.6,73.8,7.8,58.8,Cotton
91,49,39,24.3,58.1,7.1,85.6,Maize
120,55,54,26.0,83.8,7.1,249.6,Rice
96,49,37,26.1,50.1,7.2,93.7,Maize
71,42,108,29.8,79.7,6.1,220.2,Coconut
95,42,42,24.6,61.9,7.2,67.7,Maize
136,48,45,25.9,71.8,6.6,222.1,Rice
113,43,53,26.1,65.7,6.0,67.5,Cotton
17,43,28,31.4,67.3,6.6,76.3,Blackgram
137,47,46,25.8,81.9,5.9,202.2,Rice
114,52,45,29.0,75.3,6.2,208.6,Rice
137,54,52,31.6,72.8,7.1,236.2,Rice
140,49,54,27.3,79.5,6.9,189.4,Rice
75,55,91,26.2,85.5,6.0,205.7,Coconut
68,56,74,28.5,79.1,6.7,158.1,Coconut
87,53,102,28.8,71.4,5.6,112.9,Tapioca
192,76,100,30.3,76.2,7.2,193.9,Sugarcane
129,45,53,26.8,86.4,6.5,245.2,Rice
116,50,46,29.0,76.3,6.3,189.4,Rice
88,53,45,24.4,56.9,6.5,106.3,Maize
20,55,37,29.9,65.4,6.8,74.9,Blackgram
122,60,46,24.7,84.0,6.5,226.7,Rice
201,71,82,27.8,78.6,6.4,175.1,Sugarcane
101,48,39,32.2,76.3,6.3,76.6,Cotton
133,47,43,27.5,82.6,7.0,233.3,Rice
106,47,37,32.6,73.0,7.5,59.4,Cotton
98,56,40,26.7,66.0,7.5,78.9,Maize
84,50,39,27.8,61.6,5.8,76.8,Maize
143,49,50,25.5,75.9,6.4,256.7,Rice
117,48,54,32.8,77.8,7.4,70.2,Cotton
91,47,31,25.9,51.8,7.0,78.0,Maize
194,81,124,29.6,88.5,6.5,172.3,Sugarcane
140,55,53,26.9,77.0,6.8,221.2,Rice
18,50,24,27.3,71.5,6.6,74.3,Blackgram
128,45,51,24.5,69.5,6.7,263.3,Rice
34,47,39,27.7,51.6,6.8,97.8,Groundnut
91,55,38,27.0,56.9,6.7,78.4,Maize
24,49,47,27.3,47.9,7.0,73.4,Groundnut
107,46,42,24.4,57.7,7.1,74.5,Cotton
55,46,114,26.6,75.4,6.3,196.0,Coconut
142,53,253,29.2,88.3,7.4,202.1,Banana
18,58,27,33.1,67.8,6.9,56.6,Blackgram
21,50,35,32.0,71.8,7.4,83.0,Blackgram
111,41,40,30.9,72.1,6.2,81.6,Cotton
18,55,30,30.9,67.0,7.0,84.8,Blackgram
86,51,39,22.0,58.5,6.8,78.6,Maize
90,50,36,25.1,68.0,7.5,80.0,Maize
27,49,49,27.4,60.6,6.8,72.3,Groundnut
162,66,91,30.9,78.9,6.3,176.9,Sugarcane
21,40,24,29.1,70.6,6.8,70.7,Blackgram
91,45,43,25.5,65.0,7.4,95.3,Maize
130,44,49,27.1,80.9,6.7,240.8,Rice
124,51,52,30.9,80.8,6.5,200.6,Rice
29,46,49,27.1,53.3,6.4,77.9,Groundnut
135,48,46,28.0,78.8,7.0,273.4,Rice
112,49,63,25.5,68.4,6.0,62.3,Cotton
60,52,98,27.9,70.7,6.5,190.5,Coconut
205,77,94,27.5,77.5,6.8,199.0,Sugarcane
135,82,100,23.0,81.1,7.6,192.4,Turmeric
117,51,52,30.7,71.6,6.2,50.3,Cotton
23,51,54,28.6,46.6,6.6,88.6,Groundnut
121,46,212,26.9,80.4,6.7,192.6,Banana
37,43,53,27.0,54.7,6.5,88.3,Groundnut
94,39,37,20.2,64.6,6.7,78.5,Maize
145,44,56,28.7,65.7,5.7,194.9,Rice
85,49,43,23.0,60.8,6.4,88.8,Maize
16,51,29,28.3,66.7,6.1,69.0,Blackgram
20,45,25,24.2,71.2,6.4,83.7,Blackgram
22,49,51,29.5,47.2,6.9,71.0,Groundnut
86,43,37,24.0,55.0,6.2,97.7,Maize
17,48,24,30.1,64.1,7.0,70.2,Blackgram
134,42,41,24.7,76.9,6.8,287.5,Rice
113,51,227,28.4,76.1,7.1,195.0,Banana
88,55,29,19.5,62.1,5.7,102.4,Maize
111,41,46,33.0,70.5,6.6,90.6,Cotton
134,53,45,24.9,76.8,6.0,249.2,Rice
127,53,49,28.8,81.7,5.8,279.5,Rice
109,47,47,25.9,75.4,6.3,82.0,Cotton
142,42,48,24.0,74.6,6.7,218.5,Rice
121,55,57,25.7,88.0,6.7,180.6,Rice
117,54,231,29.4,77.0,6.8,201.7,Banana
132,57,45,25.6,86.1,6.7,248.3,Rice
57,51,104,25.6,74.8,5.8,205.0,Coconut
16,47,40,28.0,68.5,7.3,83.8,Blackgram
102,50,47,28.1,67.9,7.3,81.8,Cotton
128,44,57,30.5,80.6,6.7,242.9,Rice
126,51,194,25.2,74.4,7.1,191.6,Banana
229,76,96,29.2,79.3,7.7,209.6,Sugarcane
224,87,94,30.2,76.7,6.2,176.0,Sugarcane
88,46,31,30.7,56.9,6.3,100.6,Maize
16,48,30,33.2,68.2,6.1,62.0,Blackgram
99,47,41,21.4,60.7,6.7,82.4,Maize
104,53,212,27.1,83.9,7.1,181.5,Banana
226,72,78,29.5,69.7,7.3,280.9,Sugarcane
145,50,57,29.4,73.9,6.7,202.5,Rice
142,55,47,24.7,71.8,6.7,246.3,Rice
134,61,48,25.6,79.8,6.8,255.1,Rice
108,56,50,29.6,71.0,7.1,98.1,Cotton
60,60,104,27.7,64.8,5.9,246.7,Coconut
116,57,50,30.6,72.9,7.0,57.1,Cotton
87,52,29,27.0,65.9,7.0,86.9,Maize
136,41,57,28.6,83.2,7.1,210.3,Rice
139,54,47,26.1,80.8,6.1,236.9,Rice
129,45,194,28.0,85.1,7.0,200.3,Banana
139,55,49,27.1,92.0,7.0,263.2,Rice
62,60,94,27.4,73.0,6.2,129.8,Tapioca
19,49,31,31.6,63.9,6.1,77.9,Blackgram
72,55,86,27.8,82.3,7.0,184.4,Coconut
131,52,56,25.0,85.5,5.6,228.6,Rice
125,56,183,27.1,78.0,6.5,193.7,Banana
147,85,71,23.8,75.9,6.1,218.1,Turmeric
142,51,44,25.7,86.0,6.3,194.4,Rice
39,48,61,26.8,49.5,6.6,84.8,Groundnut
106,48,54,28.0,70.9,7.8,61.4,Cotton
27,52,42,28.5,44.9,6.3,89.7,Groundnut
70,51,92,27.7,77.3,6.5,113.3,Tapioca
31,46,51,28.8,54.9,7.0,88.2,Groundnut
129,53,49,26.7,83.5,6.2,156.9,Rice
131,46,46,27.0,72.2,6.8,290.6,Rice
184,72,94,28.1,82.0,7.2,202.7,Sugarcane
130,55,226,26.2,76.4,6.5,227.0,Banana
109,50,48,29.0,70.9,7.2,85.8,Cotton
138,52,42,31.6,84.6,6.6,227.8,Rice
140,48,48,26.9,79.4,7.1,192.9,Rice
89,61,104,33.5,71.7,6.3,125.3,Tapioca
110,37,54,28.9,64.8,6.8,71.6,Cotton
70,67,113,27.5,66.9,6.6,98.4,Tapioca
23,48,21,31.9,72.3,6.3,66.1,Blackgram
135,58,47,25.3,76.7,6.5,230.5,Rice
25,49,30,31.9,68.4,6.6,79.6,Blackgram
131,57,51,26.2,91.1,7.0,232.9,Rice
178,78,69,33.4,77.9,6.9,215.5,Sugarcane
31,38,51,28.5,56.0,6.4,70.0,Groundnut
65,58,91,28.8,86.5,5.9,231.5,Coconut
180,83,74,28.5,75.6,6.6,205.2,Sugarcane
99,54,38,22.2,57.4,5.9,90.0,Maize
79,56,97,26.9,80.3,6.0,214.1,Coconut
19,48,36,29.1,65.3,6.1,75.9,Blackgram
135,50,35,29.4,73.7,5.8,231.8,Rice
90,45,42,26.3,57.8,5.8,86.4,Maize
31,51,48,28.5,49.5,7.0,73.2,Groundnut
194,73,66,29.5,78.4,6.4,172.4,Sugarcane
134,48,56,26.4,86.4,7.0,226.0,Rice
101,54,43,25.2,63.1,7.3,69.2,Cotton
142,42,48,31.7,86.8,6.6,237.0,Rice
108,59,48,31.1,79.4,6.6,93.0,Cotton
87,48,34,27.3,55.6,6.3,83.7,Maize
108,51,48,34.4,69.4,6.8,79.1,Cotton
109,42,53,27.3,77.2,7.0,73.0,Cotton
68,55,112,32.8,68.7,6.3,134.6,Tapioca
32,51,52,27.7,47.6,6.9,82.8,Groundnut
39,48,44,26.6,49.7,6.2,64.8,Groundnut
114,54,175,26.7,84.4,6.6,140.5,Banana
21,52,36,25.0,67.0,7.1,69.0,Blackgram
136,49,55,26.3,74.4,6.5,159.5,Rice
144,54,38,29.7,86.4,6.1,282.0,Rice
22,44,40,27.8,63.4,6.6,71.0,Blackgram
16,59,27,27.6,59.1,6.5,62.6,Blackgram
135,48,53,21.3,76.5,6.4,249.8,Rice
33,48,53,27.7,45.6,6.3,72.4,Groundnut
86,52,42,28.2,60.2,6.2,81.8,Maize
110,53,47,34.3,67.4,6.7,67.7,Cotton
85,37,34,24.4,58.3,6.7,90.1,Maize
108,52,53,30.8,71.6,6.6,85.6,Cotton
163,76,64,29.4,84.0,6.7,180.4,Sugarcane
35,46,44,26.4,47.3,6.3,86.7,Groundnut
127,45,50,24.9,76.1,6.5,249.1,Rice
139,48,48,29.4,85.8,6.9,272.2,Rice
67,60,83,30.8,72.1,6.6,157.0,Tapioca
91,53,44,27.6,54.8,5.5,100.5,Maize
18,54,31,27.0,66.5,7.4,67.4,Blackgram
15,49,32,32.3,71.5,6.3,72.6,Blackgram
93,42,39,24.2,65.7,6.3,100.5,Maize
141,57,53,24.2,87.3,6.9,201.8,Rice
65,53,103,25.9,86.3,5.9,213.8,Coconut
134,47,45,30.3,81.8,5.6,179.5,Rice
83,43,36,22.7,59.1,6.4,70.5,Maize
93,49,45,22.5,54.0,6.0,83.6,Maize
73,56,99,29.0,74.0,6.3,126.1,Tapioca
77,61,95,33.3,74.1,6.4,109.7,Tapioca
134,47,52,25.9,78.1,6.9,225.9,Rice
130,53,44,26.4,76.0,6.4,210.8,Rice
20,41,26,28.1,69.3,6.7,73.3,Blackgram
119,44,58,26.4,77.1,6.7,296.7,Rice
127,48,55,28.2,87.6,7.0,187.8,Rice
150,48,46,23.9,82.0,6.5,212.2,Rice
93,49,45,22.0,59.9,6.4,76.2,Maize
129,49,43,26.7,72.6,6.5,260.7,Rice
67,49,95,27.6,69.4,6.1,93.7,Tapioca
18,58,21,30.4,63.3,6.8,79.2,Blackgram
137,68,130,25.7,80.8,6.0,145.9,Turmeric
106,47,55,29.1,72.3,6.9,90.4,Cotton
90,47,44,24.2,59.6,7.2,66.0,Maize
106,36,53,34.5,63.9,7.3,81.3,Cotton
111,50,45,27.4,60.9,7.1,64.8,Cotton
131,55,190,28.0,77.5,6.7,210.4,Banana
50,42,106,26.6,89.1,5.8,206.4,Coconut
81,61,40,25.0,53.6,6.8,95.6,Maize
20,52,30,30.7,69.2,7.3,81.2,Blackgram
32,60,49,25.1,58.1,6.7,87.4,Groundnut
91,52,40,24.6,61.3,7.0,82.8,Maize
19,54,36,28.1,77.0,7.1,68.9,Blackgram
137,50,61,24.7,82.0,6.9,196.1,Rice
130,49,52,28.1,83.2,6.5,175.6,Rice
132,45,49,23.4,78.9,6.5,194.1,Rice
95,50,30,29.8,63.5,6.4,74.7,Maize
136,49,54,23.7,83.7,7.0,166.4,Rice
128,83,98,26.3,79.5,6.3,170.0,Turmeric
109,49,43,27.5,63.9,7.3,72.6,Cotton
114,50,41,28.3,70.0,6.2,94.6,Cotton
132,52,50,27.9,76.4,7.0,196.2,Rice
33,46,50,25.2,40.5,6.3,81.3,Groundnut
131,86,107,18.8,77.4,6.6,232.4,Turmeric
147,47,52,22.8,76.6,6.0,216.7,Rice
94,46,41,25.8,60.0,6.5,90.3,Maize
131,50,45,23.1,84.4,6.4,133.9,Rice
27,48,55,27.6,55.5,6.5,57.0,Groundnut
206,69,101,29.3,77.4,7.1,198.7,Sugarcane
218,71,75,29.7,80.6,6.9,202.9,Sugarcane
144,48,50,28.5,86.4,6.1,316.7,Rice
104,52,232,27.6,81.6,7.1,246.6,Banana
99,54,50,32.5,68.3,6.9,79.5,Cotton
129,53,158,26.8,81.9,6.5,211.3,Banana
14,47,36,27.5,71.1,6.5,58.7,Blackgram
141,49,51,28.7,83.7,6.7,232.4,Rice
193,77,69,35.2,75.7,6.4,194.2,Sugarcane
86,43,46,26.1,60.9,6.9,81.6,Maize
126,46,57,26.8,79.5,6.2,191.4,Rice
91,51,32,24.8,63.1,6.9,91.9,Maize
145,87,102,30.1,75.9,6.6,159.9,Sugarcane
105,55,48,29.2,69.8,7.8,96.3,Cotton
21,44,56,28.8,48.8,6.8,77.3,Groundnut
131,46,56,21.3,80.4,6.6,280.5,Rice
95,54,42,24.5,58.2,6.4,85.6,Maize
107,54,54,30.2,70.7,6.9,59.6,Cotton
153,74,94,24.6,79.7,6.0,166.2,Turmeric
59,51,87,28.3,78.0,5.7,188.6,Coconut
138,74,91,25.8,78.1,6.5,220.7,Turmeric
35,48,54,27.2,47.8,6.8,65.0,Groundnut
91,51,33,23.0,55.5,6.7,88.2,Maize
130,44,47,26.2,80.9,6.2,216.5,Rice
130,50,48,24.6,78.8,6.9,244.6,Rice
22,48,35,28.2,66.6,6.9,81.5,Blackgram
177,86,77,31.7,74.6,7.2,169.8,Sugarcane
30,44,42,28.5,52.0,7.1,78.9,Groundnut
194,76,90,31.5,82.8,6.9,187.9,Sugarcane
142,49,53,26.7,83.1,6.1,234.6,Rice
31,53,44,28.3,53.2,6.3,100.9,Groundnut
135,50,58,31.6,73.2,7.6,220.0,Rice
138,48,51,29.3,79.1,6.3,166.7,Rice
134,48,48,29.6,75.2,6.3,255.4,Rice
20,49,25,26.0,67.0,6.2,61.2,Blackgram
101,46,50,32.5,72.0,8.2,63.2,Cotton
131,61,113,26.2,83.6,6.1,169.2,Turmeric
78,55,98,32.0,81.0,6.1,140.8,Tapioca
89,56,41,29.5,58.5,6.4,70.2,Maize
105,49,48,25.3,72.3,7.8,74.8,Cotton
23,48,25,31.1,65.1,6.7,69.5,Blackgram
127,51,52,26.0,81.2,6.7,246.9,Rice
80,50,34,27.2,56.1,6.3,85.1,Maize
193,75,82,30.0,78.9,7.3,182.0,Sugarcane
133,47,196,29.2,91.5,7.1,218.4,Banana
135,41,53,24.6,71.0,7.1,233.2,Rice
80,48,30,26.1,67.6,7.5,70.2,Maize
119,50,189,22.7,86.2,6.4,198.7,Banana
201,65,54,28.9,78.8,6.4,174.2,Sugarcane
28,51,48,28.6,50.1,6.7,57.5,Groundnut
132,45,48,25.3,77.6,5.9,316.0,Rice
136,52,46,26.4,77.7,5.9,263.6,Rice
123,51,42,25.7,74.5,7.6,201.0,Rice
138,43,44,27.4,87.2,7.4,204.6,Rice
116,41,52,34.8,76.8,7.5,77.4,Cotton
17,46,27,27.4,69.7,6.5,63.1,Blackgram
21,54,27,28.7,61.9,7.1,92.8,Blackgram
20,47,36,30.0,73.5,6.3,86.6,Blackgram
138,54,47,28.8,91.2,6.0,237.7,Rice
143,52,57,24.1,81.2,6.5,266.7,Rice
113,48,50,28.6,69.8,8.1,66.4,Cotton
137,52,55,27.2,83.2,6.3,216.0,Rice
88,45,34,27.1,63.2,6.8,98.3,Maize
17,58,27,34.0,67.8,7.1,75.1,Blackgram
144,45,53,29.2,77.6,5.9,183.7,Rice
146,48,46,29.4,81.7,5.6,239.6,Rice
136,46,53,26.3,80.4,7.1,276.9,Rice
138,45,49,28.5,74.0,6.4,277.1,Rice
112,47,54,30.8,62.4,7.2,42.8,Cotton
131,51,48,27.1,75.2,6.7,236.2,Rice
65,67,80,31.8,67.7,6.1,115.9,Tapioca
125,52,41,26.9,73.6,7.4,257.4,Rice
85,53,44,23.8,59.5,5.5,61.3,Maize
32,47,51,26.9,58.0,7.2,93.0,Groundnut
96,50,48,24.3,58.1,6.6,81.7,Maize
111,53,49,31.0,61.3,7.2,91.0,Cotton
91,40,44,27.1,62.6,6.1,81.7,Maize
18,48,52,26.9,48.8,6.6,81.1,Groundnut
21,55,22,26.9,69.0,6.8,78.6,Blackgram
85,54,38,28.7,52.7,7.5,95.3,Maize
100,42,43,28.7,61.8,7.2,87.2,Maize
32,52,48,27.0,48.8,6.2,74.9,Groundnut
19,54,49,28.6,47.9,7.3,93.5,Groundnut
143,45,49,26.2,79.2,7.2,267.2,Rice
131,50,55,25.5,79.6,5.6,266.9,Rice
114,48,46,26.4,83.5,5.6,179.2,Rice
111,52,178,28.7,78.3,7.0,184.4,Banana
119,50,202,28.1,84.9,6.3,192.0,Banana
137,46,51,28.3,87.6,6.5,205.3,Rice
65,52,86,29.0,77.6,6.8,190.0,Coconut
216,77,100,25.7,90.3,6.3,186.8,Sugarcane
134,47,52,30.5,77.5,6.2,244.4,Rice
138,49,41,25.6,74.9,6.4,234.2,Rice
96,45,42,28.9,55.3,6.7,79.5,Maize
135,76,102,24.8,77.1,6.1,167.0,Turmeric
124,44,48,29.7,84.6,6.7,300.7,Rice
97,48,32,22.9,62.7,6.1,68.9,Maize
95,55,38,27.0,61.9,5.7,109.9,Maize
119,52,52,28.9,85.1,5.7,228.2,Rice
108,50,59,31.9,67.7,7.5,82.7,Cotton
20,54,24,28.4,66.2,6.7,71.5,Blackgram
122,44,57,31.6,81.1,5.8,198.5,Rice
91,58,46,25.0,60.8,6.3,86.8,Maize
108,52,56,26.2,74.4,7.1,66.3,Cotton
130,47,48,25.2,86.6,7.3,201.3,Rice
182,71,66,28.9,86.4,6.9,217.0,Sugarcane
22,52,25,29.3,65.7,6.5,90.9,Blackgram
31,51,47,27.9,45.1,6.7,78.0,Groundnut
87,49,40,23.5,62.0,6.7,93.5,Maize
130,47,55,25.2,81.8,6.4,156.1,Rice
138,83,83,25.8,84.8,6.6,209.6,Turmeric
105,61,44,27.5,71.8,6.5,85.8,Cotton
90,50,38,21.1,65.1,6.5,96.4,Maize
144,43,58,26.2,78.8,6.3,253.6,Rice
202,92,113,30.2,78.9,7.4,218.3,Sugarcane
60,62,110,26.4,78.1,6.2,178.6,Coconut
135,55,58,23.7,78.0,5.7,234.3,Rice
13,48,24,29.6,71.0,7.0,90.6,Blackgram
128,55,49,27.5,88.1,7.2,230.4,Rice
135,51,49,28.3,91.3,6.5,235.4,Rice
142,50,45,25.1,77.0,5.7,208.3,Rice
63,47,91,27.7,79.9,6.3,219.8,Coconut
93,45,40,23.8,65.3,6.7,70.5,Maize
27,52,44,26.7,51.8,6.5,94.8,Groundnut
237,75,68,30.7,83.3,6.4,186.1,Sugarcane
70,54,98,28.7,81.5,6.4,208.7,Coconut
118,39,51,32.7,75.9,6.4,68.8,Cotton
56,54,91,28.2,74.4,5.7,250.1,Coconut
27,48,46,27.0,50.3,7.4,79.4,Groundnut
22,40,22,27.1,74.1,8.1,83.1,Blackgram
22,52,30,28.5,66.7,6.7,73.3,Blackgram
110,52,49,28.7,72.6,7.1,75.7,Cotton
127,49,41,29.1,75.2,5.8,262.3,Rice
178,77,86,33.9,75.3,6.6,193.1,Sugarcane
124,45,51,26.7,85.1,6.4,200.9,Rice
132,46,178,26.9,83.3,7.2,250.8,Banana
71,62,91,32.8,71.0,6.3,103.8,Tapioca
20,45,33,27.2,68.9,6.0,70.7,Blackgram
95,42,47,22.7,55.4,6.8,83.1,Maize
25,46,52,24.8,47.7,6.4,63.7,Groundnut
19,45,26,29.4,65.9,6.6,86.3,Blackgram
223,72,79,30.7,88.4,6.7,231.6,Sugarcane
189,79,86,33.5,85.8,7.0,243.2,Sugarcane
13,46,21,29.4,62.3,6.6,65.1,Blackgram
18,41,28,29.5,73.3,6.8,72.0,Blackgram
118,55,49,27.6,82.2,5.9,284.4,Rice
29,50,52,26.7,39.4,6.6,77.2,Groundnut
91,45,31,23.6,62.6,5.6,87.6,Maize
28,55,48,26.6,50.5,6.2,75.8,Groundnut
77,52,41,26.0,61.4,5.5,79.0,Maize
87,41,36,24.0,52.0,6.7,79.8,Maize
130,51,46,21.2,77.9,6.3,148.0,Rice
134,57,57,27.8,84.6,6.0,247.1,Rice
119,48,46,30.6,71.7,7.4,106.6,Cotton
111,57,47,32.7,76.5,6.0,52.4,Cotton
209,80,88,32.1,69.2,6.6,196.4,Sugarcane
130,51,56,27.3,83.2,7.6,270.3,Rice
88,58,38,21.9,51.4,7.5,86.8,Maize
148,44,46,25.9,71.3,6.4,217.0,Rice
124,36,49,26.8,84.8,6.3,247.6,Rice
28,44,49,29.3,49.7,6.7,81.9,Groundnut
31,52,43,28.7,55.4,6.9,82.8,Groundnut
209,65,86,33.7,75.1,7.3,189.1,Sugarcane
144,76,107,25.6,84.9,7.3,171.6,Turmeric
110,50,48,28.2,65.3,5.7,63.3,Cotton
86,49,31,22.9,58.7,7.0,82.8,Maize
136,54,48,28.9,73.9,6.9,259.4,Rice
139,53,52,32.3,73.4,7.2,263.2,Rice
71,52,116,27.5,86.3,5.9,198.0,Coconut
70,44,88,27.6,86.4,6.1,198.1,Coconut
28,50,47,28.3,56.8,6.9,83.3,Groundnut
87,51,46,25.1,54.9,7.2,78.9,Maize
23,61,31,30.9,68.2,6.7,82.0,Blackgram
135,39,48,28.3,79.1,5.7,240.6,Rice
76,70,94,28.3,71.4,5.8,99.2,Tapioca
118,53,47,29.4,66.9,7.8,62.1,Cotton
136,52,47,27.5,74.8,5.5,238.4,Rice
62,52,100,27.7,83.6,5.7,183.3,Coconut
112,51,47,34.7,71.2,6.5,43.8,Cotton
135,46,46,24.7,80.2,5.9,235.1,Rice
202,52,89,30.1,74.9,6.5,237.4,Sugarcane
22,54,33,31.2,60.7,6.1,65.4,Blackgram
27,52,47,27.4,52.0,6.4,85.0,Groundnut
135,52,52,30.2,80.1,6.5,193.7,Rice
192,80,78,27.4,84.2,6.3,188.8,Sugarcane
58,43,82,27.4,79.0,6.9,184.7,Coconut
226,68,107,29.5,86.0,6.2,189.5,Sugarcane
140,55,44,26.2,74.4,6.7,208.0,Rice
106,48,45,28.1,73.4,7.7,55.2,Cotton
175,70,87,33.0,78.8,6.6,208.9,Sugarcane
201,57,82,25.2,85.7,6.5,206.3,Sugarcane
94,58,46,19.5,61.2,6.3,97.8,Maize
57,46,96,26.8,74.7,5.5,211.2,Coconut
94,47,37,31.1,56.6,6.0,74.9,Maize
133,40,44,29.7,81.9,7.1,229.8,Rice
20,55,51,27.3,46.0,7.0,77.5,Groundnut
67,41,94,30.3,69.1,6.3,192.7,Coconut
115,58,49,31.9,74.6,7.5,75.6,Cotton
137,70,98,23.7,82.1,6.3,186.4,Turmeric
79,67,88,32.9,64.0,5.2,109.1,Tapioca
141,43,45,26.4,78.4,6.6,189.8,Rice
24,45,36,30.8,66.3,6.8,67.2,Blackgram
59,48,100,26.0,85.1,5.5,203.9,Coconut
202,83,62,25.5,78.8,6.9,151.7,Sugarcane
105,46,48,30.2,72.4,6.6,102.8,Cotton
131,51,48,24.2,86.8,7.3,279.7,Rice
192,77,82,26.7,83.7,6.5,210.4,Sugarcane
75,41,39,24.8,59.9,7.0,94.7,Maize
108,51,49,32.0,75.8,6.4,87.2,Cotton
216,74,82,30.0,80.8,6.9,209.8,Sugarcane
19,42,51,28.7,49.0,6.1,65.8,Groundnut
128,49,52,29.1,67.7,6.7,268.8,Rice
136,62,54,29.7,74.0,6.3,263.7,Rice
67,46,97,24.0,87.6,6.5,229.2,Coconut
116,56,52,32.9,71.0,5.7,67.6,Cotton
82,56,40,24.1,62.5,6.7,100.3,Maize
28,49,59,27.3,57.0,6.5,85.4,Groundnut
125,48,44,26.2,87.8,6.2,264.4,Rice
27,49,45,27.8,51.0,7.2,68.6,Groundnut
131,54,50,29.4,86.0,6.0,222.7,Rice
220,67,109,29.6,85.1,6.7,209.9,Sugarcane
110,45,51,32.3,72.3,6.7,46.5,Cotton
164,60,88,36.7,77.5,6.7,184.2,Sugarcane
128,52,50,26.4,81.6,7.5,190.3,Rice
199,70,84,31.2,77.6,6.8,234.6,Sugarcane
18,51,27,30.6,71.7,6.2,66.2,Blackgram
34,56,46,27.8,54.7,6.3,79.2,Groundnut
95,48,36,21.1,58.0,6.5,81.4,Maize
84,52,96,29.7,70.6,6.3,108.7,Tapioca
84,54,38,27.1,60.7,6.4,98.0,Maize
17,49,24,26.6,67.4,6.5,71.9,Blackgram
89,56,40,22.8,67.4,7.0,74.6,Maize
114,47,51,28.0,76.7,7.5,63.4,Cotton
141,56,52,27.5,79.7,7.0,190.8,Rice
128,41,48,28.2,77.5,5.9,218.8,Rice
66,60,85,31.0,75.6,6.9,200.6,Coconut
32,60,54,26.6,53.2,6.1,70.3,Groundnut
26,44,46,28.8,56.9,7.1,70.3,Groundnut
229,76,106,26.2,81.4,7.0,155.9,Sugarcane
181,77,47,31.9,86.9,6.6,187.7,Sugarcane
134,48,62,26.7,80.6,7.4,280.4,Rice
207,74,106,31.1,72.2,6.7,194.4,Sugarcane
29,48,47,29.2,53.4,6.8,85.3,Groundnut
105,56,49,34.2,68.1,6.9,49.4,Cotton
123,50,55,28.2,77.6,6.3,283.7,Rice
112,49,46,32.0,70.0,7.2,81.0,Cotton
221,65,69,31.7,81.3,6.5,191.0,Sugarcane
237,76,84,31.1,76.9,7.1,201.7,Sugarcane
24,48,24,32.1,68.4,6.4,65.5,Blackgram
75,48,88,27.6,71.8,6.8,152.0,Tapioca
91,47,37,28.2,61.6,7.0,87.9,Maize
129,46,57,27.1,82.1,6.5,243.9,Rice
132,43,48,27.7,76.8,6.0,209.9,Rice
28,54,37,27.5,46.9,7.0,66.5,Groundnut
141,47,49,28.3,72.8,6.7,284.5,Rice
104,44,52,30.2,79.5,7.3,65.6,Cotton
133,49,52,22.6,77.0,6.8,200.2,Rice
93,49,40,25.4,58.2,7.1,73.6,Maize
19,57,31,29.2,62.4,7.0,75.4,Blackgram
67,54,113,27.8,82.1,6.5,174.0,Coconut
38,52,54,28.1,47.1,7.0,57.2,Groundnut
86,44,35,26.5,57.2,6.4,83.8,Maize
52,53,106,27.1,76.9,6.4,179.1,Coconut
59,52,110,27.6,82.1,6.6,181.6,Coconut
152,98,102,28.7,69.1,6.8,159.9,Sugarcane
122,51,52,28.8,83.5,6.1,212.5,Rice
109,47,45,27.5,66.9,7.0,81.4,Cotton
23,55,26,29.6,67.6,6.7,74.0,Blackgram
30,46,50,28.8,48.0,6.8,63.0,Groundnut
30,48,60,27.1,47.4,7.1,70.7,Groundnut
109,43,53,34.7,70.1,7.2,83.6,Cotton
108,56,59,27.3,76.8,7.5,67.6,Cotton
136,52,57,25.1,77.5,6.5,265.8,Rice
84,51,51,22.9,66.4,6.6,82.0,Maize
37,50,56,26.6,49.8,6.6,85.6,Groundnut
58,48,85,27.0,78.4,6.3,271.6,Coconut
137,41,51,30.7,83.6,6.8,181.0,Rice
212,90,88,34.3,92.6,6.6,184.5,Sugarcane
131,53,47,27.2,77.2,5.8,202.1,Rice
132,52,43,25.5,79.0,6.0,220.6,Rice
125,47,47,25.0,73.1,6.0,176.1,Rice
90,50,43,30.3,58.1,6.3,93.4,Maize
20,44,27,27.3,59.8,6.9,79.7,Blackgram
93,54,42,27.9,64.5,7.1,88.8,Maize
91,45,39,24.0,56.5,6.5,87.9,Maize
109,46,52,27.0,67.2,7.2,59.7,Cotton
141,46,51,28.5,82.5,6.7,250.8,Rice
33,47,51,27.9,52.6,5.4,86.3,Groundnut
17,42,39,30.6,69.9,6.4,70.4,Blackgram
110,58,47,31.0,70.8,6.7,89.8,Cotton
126,53,50,28.6,79.5,6.8,182.3,Rice
19,44,27,32.0,64.1,6.3,72.7,Blackgram
20,57,25,31.0,67.1,6.6,78.5,Blackgram
105,44,48,28.4,77.8,6.1,92.5,Cotton
127,44,201,26.6,85.5,6.3,145.8,Banana
40,55,53,25.9,52.9,6.8,82.6,Groundnut
132,68,105,25.5,74.1,5.9,191.5,Turmeric
126,52,56,25.4,75.8,5.9,235.0,Rice
125,49,48,24.7,79.0,6.2,206.7,Rice
133,53,47,31.2,86.2,6.4,225.2,Rice
136,56,51,22.7,81.1,6.5,268.4,Rice
133,63,49,27.8,80.4,7.3,261.5,Rice
89,60,43,27.1,66.4,6.5,93.6,Maize
16,56,32,28.2,73.2,6.8,82.7,Blackgram
82,66,90,37.0,72.2,6.6,86.5,Tapioca
123,43,63,23.5,77.0,7.1,232.7,Rice
118,54,208,29.7,86.6,7.1,200.2,Banana
21,53,22,32.4,68.6,6.3,83.5,Blackgram
18,55,26,28.3,62.2,6.1,69.2,Blackgram
135,51,53,27.4,86.1,7.0,178.9,Rice
132,49,49,29.2,76.4,6.4,238.6,Rice
193,79,107,29.2,88.3,7.0,190.5,Sugarcane
141,50,45,27.2,73.6,6.4,213.9,Rice
111,46,47,32.2,66.6,7.8,95.3,Cotton
250,85,57,30.5,78.8,7.1,147.0,Sugarcane
89,50,38,28.1,58.3,7.3,96.7,Maize
16,52,23,27.2,62.4,6.8,77.9,Blackgram
81,46,43,26.6,58.5,6.7,68.2,Maize
156,47,49,24.3,92.3,6.7,159.3,Rice
115,43,56,31.2,68.1,6.8,76.8,Cotton
136,51,50,27.1,84.7,6.4,166.5,Rice
72,66,105,31.1,72.9,6.5,120.4,Tapioca
135,52,43,25.6,76.7,6.2,242.1,Rice
137,49,47,25.5,85.9,6.1,272.9,Rice
123,47,49,23.2,78.4,7.1,226.6,Rice
141,56,46,20.0,77.8,6.3,212.7,Rice
36,49,46,29.7,47.7,7.5,56.9,Groundnut
210,66,90,31.5,80.7,7.0,204.9,Sugarcane
85,57,37,24.9,62.9,5.7,105.8,Maize
35,43,51,27.9,51.2,6.4,57.6,Groundnut
28,48,60,27.5,62.8,7.1,75.2,Groundnut
131,51,50,26.4,73.2,6.2,220.2,Rice
116,54,214,28.2,78.5,6.4,184.7,Banana
117,49,192,29.6,80.3,6.5,170.5,Banana
20,49,51,26.5,46.7,6.6,104.0,Groundnut
90,47,38,25.7,58.5,6.5,93.6,Maize
135,48,38,30.5,74.1,6.6,267.2,Rice
30,48,47,28.4,53.0,6.9,67.1,Groundnut
15,49,30,32.3,60.4,7.2,80.1,Blackgram
129,49,50,24.2,85.6,6.7,219.0,Rice
82,60,115,26.1,74.6,5.3,112.6,Tapioca
96,44,41,28.5,65.5,6.9,113.0,Maize
17,55,31,30.8,76.5,6.3,82.3,Blackgram
97,48,46,26.0,70.7,7.3,79.7,Cotton
142,45,44,30.1,82.6,6.8,281.9,Rice
136,47,45,27.8,62.6,6.4,200.2,Rice
82,52,40,25.4,59.0,5.6,84.8,Maize
134,60,51,27.6,82.0,5.9,274.8,Rice
131,55,42,26.0,83.4,6.3,214.5,Rice
185,62,104,31.6,80.1,6.5,168.9,Sugarcane
98,47,47,28.9,70.2,7.7,62.1,Cotton
94,52,41,26.8,60.4,6.7,86.5,Maize
200,81,106,26.2,81.0,6.7,175.1,Sugarcane
128,46,51,30.6,83.4,6.2,169.8,Rice
34,58,54,28.2,52.7,7.3,60.0,Groundnut
123,52,51,28.6,83.1,6.9,234.3,Rice
109,50,48,27.7,70.3,6.2,83.0,Cotton
252,71,86,32.9,92.5,6.8,239.9,Sugarcane
75,55,86,33.8,72.7,6.0,134.4,Tapioca
113,58,47,27.5,70.2,6.8,80.2,Cotton
137,41,51,24.4,84.8,6.3,201.5,Rice
80,55,110,27.4,80.4,6.4,225.9,Coconut
147,48,47,27.8,80.1,5.4,278.9,Rice
15,57,35,30.0,58.3,6.5,95.1,Blackgram
155,47,52,28.9,80.3,6.5,148.3,Rice
88,50,42,31.1,59.1,5.9,88.3,Maize
88,56,39,25.2,54.5,5.4,90.2,Maize
115,51,180,28.8,77.5,7.0,210.3,Banana
175,75,68,29.6,86.7,6.8,207.6,Sugarcane
88,56,43,23.2,62.0,6.6,101.4,Maize
134,56,147,29.0,83.1,7.6,236.2,Banana
94,47,49,24.1,64.8,6.7,88.9,Maize
91,47,49,22.6,72.2,6.5,97.2,Maize
226,91,124,26.3,82.4,5.8,208.7,Sugarcane
124,66,114,22.1,84.9,6.3,231.9,Turmeric
137,81,105,23.2,76.7,6.4,203.1,Turmeric
112,53,169,28.1,84.2,7.0,224.8,Banana
139,51,47,31.1,72.7,6.3,164.4,Rice
102,50,213,28.2,81.5,6.4,216.8,Banana
123,49,170,28.7,82.2,7.2,196.0,Banana
141,55,46,29.1,84.5,6.3,258.7,Rice
203,87,93,26.5,84.2,7.0,240.9,Sugarcane
137,52,189,26.3,78.9,6.6,193.1,Banana
86,58,43,30.6,56.2,5.9,83.1,Maize
19,51,26,30.5,71.3,6.5,67.9,Blackgram
107,50,51,28.6,63.4,6.7,105.0,Cotton
67,62,97,26.3,86.7,5.2,185.1,Coconut
34,48,47,26.1,49.7,6.8,70.5,Groundnut
105,36,51,28.1,74.3,6.8,88.0,Cotton
114,52,48,31.1,78.9,6.4,76.0,Cotton
134,38,45,26.1,77.8,6.2,240.5,Rice
125,50,45,28.8,84.6,7.1,199.2,Rice
148,45,50,24.0,78.7,7.0,207.9,Rice
20,52,30,28.2,71.8,6.6,79.1,Blackgram
125,57,50,28.5,79.8,7.5,272.4,Rice
226,69,88,27.1,76.3,6.8,202.7,Sugarcane
104,48,49,25.6,66.9,6.6,73.7,Cotton
141,54,42,27.9,75.0,6.7,198.9,Rice
169,64,83,29.0,79.3,6.0,203.8,Sugarcane
170,75,76,31.7,72.5,6.9,170.4,Sugarcane
133,68,99,26.3,83.0,6.2,221.1,Turmeric
103,47,43,28.9,64.0,7.2,85.9,Cotton
34,45,53,28.5,52.6,6.2,73.3,Groundnut
25,53,51,27.0,52.2,7.2,80.7,Groundnut
84,56,37,22.8,55.5,6.5,108.2,Maize
114,52,233,26.7,77.4,6.3,256.0,Banana
125,73,127,24.4,87.7,6.3,178.6,Turmeric
39,54,50,30.2,47.3,6.5,63.9,Groundnut
103,50,54,28.9,69.5,7.4,57.6,Cotton
126,68,108,22.1,71.2,6.7,217.9,Turmeric
27,55,53,27.1,52.8,6.2,87.7,Groundnut
109,44,46,32.8,80.8,6.0,63.5,Cotton
138,50,45,25.5,92.0,6.7,218.7,Rice
113,54,48,25.7,79.5,7.4,73.3,Cotton
127,91,115,20.9,85.2,6.6,189.5,Turmeric
136,60,113,27.8,80.2,6.9,194.9,Sugarcane
19,50,23,30.8,64.8,6.7,67.6,Blackgram
157,69,76,29.0,74.8,6.4,170.6,Sugarcane
36,44,47,27.9,44.9,6.3,61.4,Groundnut
71,67,93,29.8,74.7,6.6,95.3,Tapioca
139,60,43,24.5,79.8,6.4,243.5,Rice
120,37,52,26.0,83.3,7.2,269.8,Rice
24,51,49,27.8,45.8,7.0,58.4,Groundnut
61,49,110,28.2,80.5,6.2,194.7,Coconut
141,43,47,25.1,76.7,5.9,254.2,Rice
90,55,36,21.6,57.6,6.6,63.9,Maize
97,46,47,27.5,55.5,6.8,81.4,Maize
142,56,52,28.4,74.3,6.3,270.1,Rice
137,47,53,28.6,76.3,7.0,220.3,Rice
239,68,109,30.5,80.2,7.2,215.9,Sugarcane
130,48,190,26.4,97.7,6.7,215.5,Banana
105,50,50,31.3,74.0,7.2,75.6,Cotton
120,50,55,27.3,86.5,5.8,224.9,Rice
113,43,46,27.8,72.9,6.8,81.1,Cotton
21,60,37,30.3,61.8,6.9,70.6,Blackgram
134,42,52,26.0,73.8,6.7,252.0,Rice
50,51,96,25.3,79.7,5.9,208.4,Coconut
135,78,101,29.4,80.6,6.7,218.0,Turmeric
63,59,92,27.7,66.8,6.3,110.2,Tapioca
139,49,56,31.2,78.4,7.2,247.1,Rice
90,59,30,25.3,59.4,7.1,78.6,Maize
103,50,170,25.3,87.1,6.6,183.9,Banana
137,47,55,26.8,78.8,6.2,218.9,Rice
188,73,94,24.9,84.4,6.3,208.0,Sugarcane
216,86,107,27.1,82.0,6.6,182.1,Sugarcane
170,75,88,29.8,87.7,6.7,206.2,Sugarcane
28,54,48,29.1,52.5,6.6,93.1,Groundnut
157,80,72,33.5,78.1,6.9,257.8,Sugarcane
89,42,38,23.9,61.7,7.2,90.5,Maize
32,44,51,30.8,51.8,6.5,71.9,Groundnut
27,46,51,25.0,44.4,6.7,76.2,Groundnut
108,48,55,30.5,67.5,7.4,84.3,Cotton
119,65,252,27.7,78.5,6.6,200.7,Banana
33,46,48,26.1,51.5,6.3,74.3,Groundnut
139,50,54,27.0,75.3,6.4,218.6,Rice
213,85,100,29.7,68.8,7.0,161.8,Sugarcane
145,53,51,30.1,74.0,5.8,214.2,Rice
18,53,31,33.0,69.6,6.3,68.5,Blackgram
103,49,59,32.9,69.5,6.6,60.3,Cotton
136,45,50,26.0,78.5,7.4,162.9,Rice
112,58,54,37.4,65.2,7.0,77.6,Cotton
105,52,53,34.7,69.8,6.8,80.1,Cotton
26,44,51,27.1,50.6,6.7,73.6,Groundnut
135,86,105,24.5,80.0,7.4,190.7,Turmeric
18,46,41,28.6,64.0,8.1,79.4,Blackgram
169,73,112,26.3,84.5,6.5,186.6,Sugarcane
31,51,50,26.6,44.3,7.0,76.5,Groundnut
75,60,100,27.9,75.1,6.2,116.0,Tapioca
78,38,77,27.1,88.4,5.9,264.9,Coconut
14,48,25,30.4,61.2,6.8,75.7,Blackgram
61,67,96,31.4,76.0,6.4,115.0,Tapioca
109,47,56,32.9,75.8,7.2,62.5,Cotton
122,52,158,27.0,76.5,6.4,215.0,Banana
87,46,30,21.7,57.1,6.7,84.8,Maize
136,55,56,22.3,72.8,6.6,238.6,Rice
20,46,28,28.1,62.7,6.8,77.4,Blackgram
118,50,50,22.9,80.6,6.3,250.8,Rice
132,50,48,26.9,81.2,6.7,201.7,Rice
201,72,115,29.2,76.7,6.7,154.2,Sugarcane
123,44,56,29.1,85.1,7.0,256.7,Rice
135,76,114,26.7,74.3,6.1,216.8,Turmeric
136,46,52,27.9,80.6,6.4,215.6,Rice
57,61,121,25.6,72.9,6.3,211.1,Coconut
18,51,24,27.9,65.9,6.9,76.6,Blackgram
130,43,55,28.0,81.6,6.8,285.1,Rice
92,45,37,25.3,58.5,6.9,90.4,Maize
107,44,55,30.5,62.1,6.9,59.7,Cotton
123,45,206,28.1,87.2,6.6,192.6,Banana
17,49,27,31.9,66.9,7.2,78.1,Blackgram
137,45,44,25.2,78.3,6.2,227.6,Rice
18,45,33,33.1,71.7,6.5,70.2,Blackgram
156,72,88,28.5,67.7,6.4,177.0,Sugarcane
36,50,55,28.2,58.3,6.1,65.1,Groundnut
92,46,43,22.8,58.0,6.2,89.9,Maize
114,58,56,30.8,72.0,6.9,72.6,Cotton
84,54,38,25.2,66.1,7.7,100.2,Maize
125,53,39,22.4,77.7,7.9,225.2,Rice
117,49,46,34.4,72.5,6.4,83.7,Cotton
23,52,30,34.5,59.1,6.8,79.0,Blackgram
151,64,103,29.0,75.1,7.1,212.0,Turmeric
24,54,52,27.6,47.4,5.8,114.7,Groundnut
20,53,30,24.5,64.2,6.8,74.1,Blackgram
83,48,40,25.3,61.3,6.1,93.2,Maize
18,51,33,31.2,61.0,6.8,78.7,Blackgram
124,48,43,27.6,84.9,6.5,197.6,Rice
133,43,46,30.5,83.2,6.7,227.2,Rice
94,55,45,28.3,65.0,5.7,82.8,Maize
129,52,48,22.4,76.4,7.4,228.0,Rice
130,43,40,22.2,77.9,7.7,263.9,Rice
219,77,102,29.7,76.3,6.8,243.7,Sugarcane
127,45,51,27.7,78.2,6.6,213.2,Rice
90,37,42,26.2,60.3,6.4,72.9,Maize
53,47,96,28.1,77.4,6.3,201.7,Coconut
139,44,41,27.3,72.8,7.7,177.3,Rice
64,59,84,30.3,67.2,6.4,121.4,Tapioca
133,40,52,26.1,82.1,6.3,291.9,Rice
18,53,29,32.4,61.4,7.2,71.3,Blackgram
217,69,57,31.5,80.9,6.6,210.9,Sugarcane
129,35,191,28.7,86.1,6.9,218.2,Banana
30,53,47,27.9,47.0,7.0,68.1,Groundnut
90,51,41,24.0,71.9,5.5,102.1,Maize
134,42,222,27.8,73.2,7.1,207.4,Banana
74,66,83,29.4,66.9,6.5,119.3,Tapioca
103,52,58,27.0,65.2,6.5,89.1,Cotton
35,54,48,28.6,48.9,7.0,49.9,Groundnut
90,57,44,25.8,55.7,6.2,66.5,Maize
144,45,54,27.5,92.0,6.4,217.0,Rice
96,37,40,25.4,62.4,6.7,88.9,Maize
21,48,31,27.0,73.0,6.5,77.2,Blackgram
135,52,44,26.5,74.3,6.5,201.1,Rice
126,51,45,27.1,71.9,6.7,172.4,Rice
18,52,27,34.4,64.0,6.5,72.7,Blackgram
242,92,99,29.8,85.1,6.6,217.7,Sugarcane
109,43,42,30.1,65.8,7.6,73.4,Cotton
105,45,43,33.9,65.2,7.4,74.7,Cotton
89,48,43,23.0,59.6,6.6,97.2,Maize
114,52,47,30.6,68.8,6.6,69.0,Cotton
21,49,26,27.1,73.3,7.0,66.0,Blackgram
137,55,40,25.7,81.7,6.3,172.3,Rice
80,59,113,33.5,63.8,6.4,131.0,Tapioca
16,47,34,31.5,61.8,6.8,84.2,Blackgram
87,39,38,25.6,56.4,7.0,70.0,Maize
200,71,66,29.0,79.8,7.0,157.1,Sugarcane
90,51,37,27.0,63.1,6.4,86.3,Maize
198,73,87,29.4,85.1,6.7,250.0,Sugarcane
128,48,53,25.2,74.9,6.7,275.1,Rice
107,50,47,29.5,79.2,6.8,78.5,Cotton
227,75,90,34.5,84.7,6.9,207.9,Sugarcane
18,47,25,31.1,67.9,6.8,80.0,Blackgram
110,50,37,26.6,70.9,7.1,102.0,Cotton
108,56,54,32.6,66.0,6.5,60.1,Cotton
24,39,52,30.7,47.6,7.1,70.9,Groundnut
141,41,60,27.4,86.8,6.9,132.9,Rice
131,52,51,27.3,85.9,5.8,233.8,Rice
89,54,36,23.0,56.4,5.8,90.0,Maize
82,44,41,25.4,67.3,6.3,87.9,Maize
120,46,46,27.4,72.4,7.9,71.1,Cotton
135,40,54,21.4,76.9,6.0,226.6,Rice
133,45,47,28.7,77.0,6.3,239.6,Rice
132,39,43,31.2,71.6,6.4,259.5,Rice
90,49,33,29.5,58.2,5.7,91.1,Maize
113,50,46,31.9,64.5,7.0,87.9,Cotton
126,49,52,28.0,75.2,6.5,254.1,Rice
138,49,43,28.7,78.1,6.3,215.0,Rice
23,47,51,25.1,42.8,6.9,89.3,Groundnut
66,56,98,27.4,89.4,5.8,145.7,Coconut
139,50,48,29.5,85.4,5.5,270.5,Rice
132,80,90,19.7,79.6,6.2,181.6,Turmeric
139,47,38,24.3,76.5,6.2,254.3,Rice
145,49,50,29.5,83.2,7.4,185.8,Rice
77,64,56,26.6,66.3,5.7,97.9,Maize
80,55,99,27.4,83.6,6.2,216.3,Coconut
28,56,46,27.7,46.9,6.4,57.1,Groundnut
118,53,197,26.7,84.4,7.2,222.1,Banana
20,49,29,29.0,65.1,6.3,66.5,Blackgram
19,47,30,30.8,69.3,6.9,82.9,Blackgram
137,69,120,22.5,83.2,6.3,232.1,Turmeric
137,54,45,28.2,82.2,5.8,197.6,Rice
190,79,69,33.6,76.2,5.8,198.8,Sugarcane
89,44,41,23.6,64.4,5.6,101.8,Maize
107,51,171,26.7,79.7,6.7,201.7,Banana
32,50,55,27.1,51.1,6.8,90.7,Groundnut
146,48,56,25.9,80.7,7.3,213.6,Rice
96,50,39,27.1,59.9,6.0,98.5,Maize
203,60,83,26.6,78.8,6.7,214.9,Sugarcane
94,40,42,23.7,63.1,5.8,102.9,Maize
28,47,41,27.2,43.4,7.1,73.6,Groundnut
112,47,56,32.8,66.8,6.7,54.9,Cotton
16,47,40,32.6,66.9,7.5,79.9,Blackgram
67,60,110,27.5,63.8,5.4,108.3,Tapioca
139,45,38,28.9,90.0,5.8,166.0,Rice
15,45,31,25.3,68.1,6.6,73.2,Blackgram
130,57,45,29.5,84.8,7.2,242.3,Rice
16,44,27,30.9,65.7,6.2,85.2,Blackgram
62,49,109,23.8,81.9,5.8,211.4,Coconut
160,71,103,26.4,73.9,6.5,194.1,Sugarcane
132,46,43,30.3,81.7,6.4,199.8,Rice
125,48,46,24.6,74.2,6.5,243.5,Rice
127,51,173,28.0,82.6,6.5,153.7,Banana
133,47,52,22.6,79.3,7.1,248.4,Rice
29,51,54,28.5,42.2,6.4,44.5,Groundnut
133,48,43,25.5,84.8,5.9,182.2,Rice
17,55,30,35.2,72.3,6.9,76.5,Blackgram
151,56,45,27.2,84.1,6.0,175.1,Rice
137,50,54,27.4,83.3,6.2,213.4,Rice
19,48,48,28.9,51.3,6.7,53.4,Groundnut
135,50,50,22.9,82.7,5.5,182.6,Rice
15,47,35,30.1,65.3,6.5,70.5,Blackgram
140,49,45,26.4,85.4,6.6,266.6,Rice
118,51,251,27.6,77.9,6.3,177.8,Banana
80,52,99,29.0,79.9,6.0,96.1,Tapioca
86,54,38,24.5,57.7,5.7,87.1,Maize
127,51,47,28.1,76.9,6.0,237.9,Rice
20,47,31,29.5,70.2,6.7,70.9,Blackgram
106,51,54,31.8,65.3,7.5,85.9,Cotton
150,58,195,27.6,72.3,6.5,168.5,Banana
90,53,39,22.9,61.8,5.8,82.3,Maize
148,53,50,24.1,82.9,6.3,213.0,Rice
209,68,73,27.9,81.3,6.7,201.3,Sugarcane
149,65,77,27.8,82.9,7.4,199.3,Sugarcane
88,57,33,23.6,70.8,6.1,83.8,Maize
122,49,51,25.0,79.8,6.5,179.2,Rice
100,59,39,20.7,65.9,7.2,80.0,Maize
22,46,52,28.2,38.0,6.6,82.9,Groundnut
131,81,101,24.5,72.2,6.9,230.0,Turmeric
87,50,34,22.0,59.0,6.3,69.6,Maize
82,47,57,24.2,55.9,6.4,85.6,Maize
128,39,60,25.7,79.6,6.4,220.5,Rice
135,50,52,27.6,75.3,6.4,255.6,Rice
191,82,121,31.8,82.2,6.7,173.0,Sugarcane
121,49,208,28.4,72.9,6.7,267.7,Banana
131,41,54,21.0,84.1,6.6,232.1,Rice
102,50,49,28.2,73.5,6.9,67.0,Cotton
146,51,52,28.7,91.3,7.5,193.4,Rice
188,67,89,29.2,88.1,7.2,174.6,Sugarcane
138,47,47,25.7,86.3,6.8,208.1,Rice
122,57,49,24.9,84.0,6.8,271.4,Rice
117,52,49,31.2,65.3,6.6,60.2,Cotton
91,55,39,22.5,65.7,6.4,94.9,Maize
134,52,49,24.5,76.1,6.8,246.0,Rice
22,49,50,27.9,40.5,6.8,73.2,Groundnut
62,50,95,27.9,75.4,5.0,202.5,Coconut
91,52,31,26.2,57.6,6.5,73.9,Maize
106,42,53,28.8,71.4,7.5,85.4,Cotton
123,69,93,25.1,79.1,6.6,195.5,Turmeric
25,48,49,27.6,55.0,6.6,89.5,Groundnut
134,52,51,23.0,87.4,6.2,217.6,Rice
181,62,88,29.2,79.9,7.0,184.6,Sugarcane
83,48,31,26.0,52.1,6.6,68.6,Maize
135,51,54,26.4,90.1,6.7,177.1,Rice
168,80,98,31.0,84.8,6.9,196.9,Sugarcane
36,49,55,29.6,52.3,6.4,59.4,Groundnut
140,46,61,27.6,79.3,6.3,208.0,Rice
145,53,44,24.0,76.0,6.5,273.6,Rice
139,56,63,25.4,85.7,6.5,261.3,Rice
212,81,66,28.6,86.7,6.4,199.4,Sugarcane
103,57,52,26.9,71.1,7.5,73.8,Cotton
142,59,45,29.3,78.5,5.8,207.3,Rice
20,53,34,30.6,72.7,6.4,82.2,Blackgram
220,56,104,29.6,78.6,6.7,190.4,Sugarcane
132,53,54,28.8,82.4,6.4,205.3,Rice
132,50,48,24.4,82.5,7.4,284.7,Rice
29,51,48,27.8,50.2,7.0,48.7,Groundnut
84,62,89,29.3,65.3,6.9,83.4,Tapioca
134,57,57,27.2,94.9,5.9,211.3,Rice
116,52,53,31.3,72.0,7.0,69.1,Cotton
83,53,44,27.1,56.7,6.3,79.4,Maize
137,47,56,28.1,87.5,5.4,151.7,Rice
126,54,191,29.7,85.0,7.1,180.9,Banana
21,42,40,27.6,66.1,6.7,80.2,Blackgram
62,47,105,27.0,84.3,6.4,220.1,Coconut
18,57,29,30.1,65.5,7.0,66.8,Blackgram
91,47,42,24.1,53.5,6.1,75.1,Maize
141,56,52,25.3,71.2,6.6,186.1,Rice
121,53,230,29.0,85.4,6.9,271.6,Banana
131,54,58,26.0,82.6,6.4,176.2,Rice
18,58,28,33.0,70.5,6.2,79.4,Blackgram
117,47,48,28.5,78.5,6.7,234.9,Rice
20,51,35,29.2,66.5,6.6,69.0,Blackgram
133,47,53,29.4,80.1,6.8,227.3,Rice
40,44,52,27.7,38.3,7.4,68.6,Groundnut
91,49,45,26.0,60.0,6.4,84.3,Maize
71,54,103,29.6,66.8,6.2,86.0,Tapioca
85,46,43,29.5,67.7,6.5,81.1,Maize
132,44,54,28.1,82.8,7.1,193.2,Rice
141,45,41,26.5,79.4,6.4,231.8,Rice
143,48,51,23.3,80.4,6.2,244.1,Rice
18,52,33,30.0,63.8,7.0,73.4,Blackgram
218,84,118,27.3,79.7,6.5,190.1,Sugarcane
17,50,26,31.2,62.6,6.8,68.3,Blackgram
102,53,45,28.0,71.9,7.0,80.8,Cotton
157,79,96,29.4,76.9,6.6,222.2,Sugarcane
141,47,41,22.9,83.9,7.1,234.4,Rice
128,47,49,25.1,75.7,6.4,228.5,Rice
145,48,44,26.1,79.8,6.3,156.3,Rice
120,50,196,25.9,80.8,7.3,174.3,Banana
86,47,45,25.1,61.5,6.1,91.0,Maize
18,51,32,29.5,64.8,6.6,73.2,Blackgram
125,83,94,19.9,72.0,7.1,212.7,Turmeric
107,50,46,30.6,68.9,7.2,75.0,Cotton
87,44,39,25.6,67.3,6.9,101.4,Maize
129,55,54,26.0,81.8,7.2,261.8,Rice
19,55,34,26.9,65.1,7.0,76.1,Blackgram
120,79,86,27.5,83.4,7.4,197.6,Turmeric
35,46,41,28.1,52.0,6.2,46.6,Groundnut
56,42,93,30.3,77.2,6.0,220.9,Coconut
109,44,42,27.7,73.5,7.1,69.9,Cotton
84,47,38,27.0,62.8,6.6,87.6,Maize
139,46,39,29.0,77.0,5.8,216.3,Rice
159,46,44,28.5,69.5,6.7,251.2,Rice
204,79,76,30.8,81.0,7.6,220.4,Sugarcane
85,54,35,22.6,60.0,5.9,89.6,Maize
137,51,45,33.9,86.8,6.8,206.7,Rice
30,47,53,28.6,47.7,7.9,43.8,Groundnut
180,75,99,30.1,80.5,6.9,198.8,Sugarcane
137,42,44,26.7,67.0,7.0,294.1,Rice
143,71,106,32.8,85.8,6.9,193.6,Sugarcane
84,44,39,23.1,55.9,7.7,96.2,Maize
94,60,36,25.3,62.0,6.5,86.4,Maize
88,55,93,26.8,73.3,5.6,133.6,Tapioca
141,44,46,31.8,72.2,6.7,201.9,Rice
89,55,38,26.3,55.8,6.2,84.7,Maize
113,44,54,28.7,66.2,7.1,72.7,Cotton
137,51,50,25.2,79.9,7.0,187.8,Rice
23,54,51,27.7,45.9,6.9,70.2,Groundnut
129,48,54,32.0,78.0,6.4,224.1,Rice
139,75,99,24.5,68.6,6.0,233.6,Turmeric
59,43,90,28.2,87.4,7.0,220.6,Coconut
132,59,50,31.7,73.8,6.7,109.8,Rice
92,39,33,24.6,67.3,5.3,67.9,Maize
29,47,55,26.4,51.6,6.8,69.1,Groundnut
113,54,44,30.0,68.1,7.0,81.3,Cotton
90,47,38,27.4,47.6,5.9,82.5,Maize
248,76,113,30.9,79.5,7.4,181.4,Sugarcane
77,54,93,30.1,75.5,6.6,110.2,Tapioca
88,49,32,27.6,62.5,6.5,107.8,Maize
128,43,46,25.4,82.3,6.9,210.0,Rice
143,66,106,26.6,78.9,6.7,199.7,Turmeric
130,48,54,27.0,81.5,6.4,207.4,Rice
109,45,45,29.9,71.8,8.2,62.2,Cotton
217,88,88,32.1,77.6,6.9,194.2,Sugarcane
139,51,53,27.5,79.1,6.4,197.3,Rice
20,52,31,26.9,65.0,6.6,83.3,Blackgram
20,58,37,31.3,62.9,6.5,69.3,Blackgram
64,45,95,27.4,84.0,5.4,211.9,Coconut
131,45,45,26.8,87.1,6.9,171.5,Rice
133,51,42,26.5,80.2,5.8,161.1,Rice
92,49,32,23.2,62.6,6.2,84.3,Maize
117,49,53,27.1,74.5,5.9,314.1,Rice
109,45,51,32.1,73.7,7.2,103.6,Cotton
76,50,97,28.0,79.6,6.3,186.5,Coconut
21,44,30,30.8,63.2,6.4,72.4,Blackgram
23,52,19,29.6,65.1,6.8,70.4,Blackgram
91,43,45,24.5,52.4,6.2,95.2,Maize
127,45,55,27.9,80.3,6.2,258.9,Rice
88,57,40,24.5,55.5,6.4,82.3,Maize
207,67,106,29.5,86.1,6.8,224.3,Sugarcane
139,45,53,29.6,77.4,6.8,205.8,Rice
36,41,42,27.1,41.2,6.9,68.1,Groundnut
89,50,47,21.7,59.6,7.9,97.6,Maize
129,57,38,27.5,81.8,7.0,254.7,Rice
145,52,51,27.9,78.2,6.5,184.7,Rice
40,50,40,26.7,53.7,6.8,74.5,Groundnut
79,66,100,27.2,67.7,6.0,121.9,Tapioca
29,52,52,28.8,46.1,7.1,86.1,Groundnut
114,50,185,25.5,83.8,6.4,151.1,Banana
122,55,199,26.5,80.3,6.5,194.7,Banana
130,48,53,26.4,78.3,7.5,124.7,Rice
87,42,38,22.2,53.9,6.9,97.2,Maize
60,53,102,26.2,84.3,6.1,208.7,Coconut
199,80,77,35.7,77.7,6.1,213.2,Sugarcane
129,49,54,24.2,87.8,7.0,226.7,Rice
142,48,42,25.2,89.0,5.9,207.2,Rice
84,51,38,25.1,56.7,7.1,88.0,Maize
124,33,51,29.0,82.5,7.3,284.9,Rice
142,47,56,30.3,82.4,6.7,248.0,Rice
62,51,102,27.9,75.5,5.9,191.5,Coconut
141,58,47,25.0,82.1,6.1,262.5,Rice
25,49,53,27.9,53.5,7.0,88.3,Groundnut
45,57,49,28.9,51.8,6.5,81.8,Groundnut
30,46,52,28.0,48.5,7.0,74.4,Groundnut
190,83,102,23.3,80.1,7.3,188.9,Sugarcane
106,57,44,28.9,71.0,6.3,67.0,Cotton
89,49,32,25.3,56.5,6.6,65.3,Maize
138,50,49,28.9,81.2,6.0,207.4,Rice
24,56,53,25.3,44.5,6.4,53.0,Groundnut
212,76,101,33.9,84.3,7.0,186.9,Sugarcane
131,48,47,24.9,66.8,6.4,224.7,Rice
130,48,212,29.8,78.0,6.2,223.1,Banana
84,53,40,20.8,65.1,6.4,91.9,Maize
123,48,46,25.3,80.4,6.6,146.9,Rice
177,81,88,29.1,77.3,7.1,164.6,Sugarcane
134,46,52,27.7,79.1,6.2,234.8,Rice
121,56,207,26.1,81.6,7.0,217.2,Banana
32,52,54,28.4,54.8,6.6,78.9,Groundnut
22,50,55,28.7,47.9,6.6,69.8,Groundnut
93,41,41,28.4,60.8,6.3,99.5,Maize
88,52,38,24.9,56.2,6.2,83.6,Maize
133,45,56,27.8,75.2,6.5,191.4,Rice
221,79,88,28.4,78.0,7.1,231.1,Sugarcane
133,50,42,23.7,84.2,6.0,153.4,Rice
96,50,41,27.3,61.2,5.9,100.9,Maize
68,52,103,34.9,63.9,6.1,115.4,Tapioca
132,51,62,30.1,84.4,7.0,225.5,Rice
164,82,92,32.5,80.7,6.8,177.2,Sugarcane
81,47,33,24.8,50.2,5.9,75.7,Maize
107,50,51,26.2,60.9,5.8,82.8,Cotton
19,48,27,31.0,62.1,6.1,66.8,Blackgram
92,54,40,25.2,53.8,6.2,81.3,Maize
123,45,48,29.4,85.2,7.2,179.6,Rice
126,53,59,25.4,79.4,5.6,206.7,Rice
248,75,91,27.2,79.3,5.9,214.2,Sugarcane
200,75,72,31.8,76.6,7.1,223.4,Sugarcane
84,43,40,23.3,58.9,6.0,82.0,Maize
24,56,30,25.4,65.3,6.8,84.8,Blackgram
65,48,111,28.3,81.9,6.3,202.1,Coconut
20,49,34,31.9,71.7,6.2,80.1,Blackgram
218,77,99,26.9,82.1,7.0,240.5,Sugarcane
147,52,50,25.9,75.0,6.4,217.1,Rice
125,55,60,29.7,79.9,7.2,218.5,Rice
128,39,202,27.6,85.0,6.3,194.8,Banana
18,54,26,28.0,62.0,6.7,76.5,Blackgram
68,50,116,26.8,83.5,5.8,242.1,Coconut
66,59,97,30.7,63.3,6.7,102.2,Tapioca
86,50,40,24.7,55.0,6.2,67.2,Maize
111,54,50,31.7,69.2,7.4,64.6,Cotton
187,85,95,30.2,76.2,7.3,194.4,Sugarcane
142,46,202,29.4,82.8,7.4,139.2,Banana
150,44,46,29.6,86.6,5.6,170.2,Rice
90,55,40,25.4,63.2,6.8,72.4,Maize
70,53,94,31.0,75.3,6.1,110.9,Tapioca
110,57,50,29.8,68.5,8.0,78.2,Cotton
140,60,52,27.9,78.3,6.1,142.1,Rice
91,63,43,21.6,57.4,6.8,88.5,Maize
140,51,43,26.1,66.8,7.1,189.4,Rice
163,67,86,31.4,74.1,6.6,173.8,Sugarcane
105,46,207,26.7,73.1,7.0,243.8,Banana
111,58,44,34.1,70.7,6.7,61.0,Cotton
85,44,32,24.9,63.5,6.8,111.1,Maize
102,56,42,30.3,75.5,7.2,76.7,Cotton
108,47,46,30.4,70.9,7.1,78.5,Cotton
211,86,85,30.2,72.7,6.5,212.5,Sugarcane
143,52,47,27.3,83.6,7.0,214.1,Rice
27,52,44,30.5,57.0,7.1,76.5,Groundnut
130,52,51,31.0,87.5,6.4,215.3,Rice
110,54,45,31.8,71.6,7.0,79.4,Cotton
87,51,36,26.9,60.2,5.6,74.3,Maize
11,45,48,29.4,46.2,6.5,75.6,Groundnut
109,53,56,29.8,70.2,7.2,83.7,Cotton
142,50,169,30.5,81.7,6.8,193.5,Banana
23,53,50,28.9,56.6,6.6,42.8,Groundnut
111,48,55,31.7,72.0,7.7,77.0,Cotton
56,33,112,27.4,74.2,6.7,187.2,Coconut
210,73,96,36.2,83.1,6.8,214.3,Sugarcane
19,52,36,30.4,68.9,7.0,70.9,Blackgram
147,47,56,30.8,70.8,6.6,215.2,Rice
113,47,50,31.2,77.4,6.9,74.7,Cotton
23,51,34,29.7,65.6,6.3,76.1,Blackgram
19,51,24,28.0,63.0,7.5,77.5,Blackgram
29,45,50,30.5,52.6,6.3,75.6,Groundnut
122,57,175,28.4,86.2,6.7,172.9,Banana
196,74,82,30.0,69.8,6.7,201.7,Sugarcane
103,43,48,30.9,73.1,6.9,62.7,Cotton
117,54,48,29.6,75.4,6.5,264.6,Rice
85,53,34,24.8,60.6,6.8,69.7,Maize
110,41,41,29.9,70.3,6.8,81.2,Cotton
62,50,112,27.7,79.0,6.4,191.8,Coconut
133,50,51,28.4,82.8,5.5,187.9,Rice
129,48,56,28.3,84.6,5.8,247.6,Rice
237,81,82,30.1,70.0,6.1,208.1,Sugarcane
21,53,33,31.5,64.6,6.3,67.0,Blackgram
136,49,54,26.3,77.8,7.5,222.9,Rice
193,91,77,25.0,82.8,6.4,133.5,Sugarcane
40,46,51,27.2,51.1,6.8,70.8,Groundnut
85,47,43,25.0,59.6,5.8,74.4,Maize
143,58,54,25.3,73.4,6.6,273.1,Rice
128,54,50,23.3,81.0,5.7,288.7,Rice
114,48,53,32.4,67.5,7.5,94.6,Cotton
144,41,53,22.9,72.8,7.1,207.2,Rice
16,49,30,30.0,65.0,6.0,76.2,Blackgram
129,56,47,31.6,66.3,6.2,183.7,Rice
87,51,44,29.2,59.2,6.1,65.8,Maize
32,42,48,26.3,51.7,7.0,92.6,Groundnut
139,47,53,28.3,67.3,6.3,177.7,Rice
28,38,49,29.1,45.5,6.1,90.5,Groundnut
62,51,115,26.5,81.6,6.9,193.5,Coconut
33,43,55,28.2,41.5,7.3,64.8,Groundnut
85,46,33,26.7,66.4,6.6,79.1,Maize
137,62,42,27.1,82.2,7.0,159.8,Rice
133,53,59,29.5,78.0,6.6,238.1,Rice
94,47,44,23.3,57.3,5.8,81.7,Maize
139,48,55,28.2,83.8,6.2,239.1,Rice
20,44,23,30.2,65.0,6.0,71.8,Blackgram
168,70,90,28.5,71.1,7.3,202.6,Sugarcane
92,58,33,28.1,52.4,6.1,57.1,Maize
133,42,46,30.0,87.1,5.9,243.6,Rice
66,63,116,26.6,63.8,6.4,112.5,Tapioca
136,38,47,25.8,75.4,6.2,225.7,Rice
24,47,55,27.2,52.2,7.1,65.6,Groundnut
130,37,37,27.6,79.6,6.1,170.0,Rice
80,49,81,28.3,77.6,6.3,243.0,Coconut
65,51,104,27.1,78.3,6.6,218.5,Coconut
92,46,40,25.6,60.4,6.0,103.1,Maize
110,58,50,28.8,77.3,6.8,88.1,Cotton
94,47,41,25.2,53.6,7.1,100.4,Maize
96,43,35,23.3,65.8,7.5,73.2,Maize
155,54,53,28.5,77.9,6.3,198.0,Rice
102,48,38,24.4,62.3,6.0,104.8,Maize
125,48,40,27.6,85.5,6.6,279.3,Rice
157,71,40,27.9,83.4,6.9,205.3,Sugarcane
117,54,212,28.5,73.0,6.5,192.3,Banana
84,49,36,28.5,63.3,7.1,75.4,Maize
238,80,97,24.5,82.8,6.2,179.1,Sugarcane
105,45,48,32.4,68.8,7.6,61.0,Cotton
130,44,44,25.1,86.0,7.1,251.0,Rice
120,52,42,25.3,81.0,6.8,185.9,Rice
23,58,19,31.2,69.5,7.5,85.9,Blackgram
133,56,51,26.5,80.2,7.3,234.3,Rice
25,42,44,25.1,51.8,6.6,89.0,Groundnut
32,43,49,26.3,45.0,6.5,79.6,Groundnut
108,47,171,27.8,73.1,6.7,170.5,Banana
127,49,53,25.4,75.8,6.3,292.7,Rice
136,54,60,28.7,79.6,6.9,187.3,Rice
82,57,108,27.5,66.9,6.4,118.4,Tapioca
225,76,95,28.3,76.8,6.2,224.4,Sugarcane
90,48,45,27.9,67.6,6.3,82.6,Maize
129,50,205,26.7,73.5,7.1,190.9,Banana
30,49,59,27.4,60.3,7.3,64.7,Groundnut
128,50,45,23.1,71.6,6.3,136.3,Rice
29,46,41,28.2,54.6,6.8,89.9,Groundnut
183,70,92,28.1,74.6,6.8,201.7,Sugarcane
156,79,97,25.9,68.6,6.2,208.9,Sugarcane
149,50,52,29.5,76.9,6.0,172.1,Rice
100,53,39,27.3,61.1,5.6,77.2,Maize
35,53,49,27.6,45.4,6.4,75.5,Groundnut
17,43,37,34.5,68.1,6.8,67.9,Blackgram
133,55,52,28.7,71.3,6.9,263.7,Rice
106,42,44,29.8,68.9,6.2,60.4,Cotton
144,55,46,30.8,80.9,7.3,253.0,Rice
188,77,55,25.7,83.0,6.6,236.4,Sugarcane
142,51,47,21.8,83.0,6.4,244.1,Rice
123,48,54,25.4,72.9,6.8,210.5,Rice
129,44,55,26.2,77.8,7.3,222.6,Rice
143,49,51,26.8,85.6,6.6,197.1,Rice
56,46,89,27.3,73.5,6.7,149.1,Coconut
66,52,103,26.9,84.0,6.4,177.6,Coconut
90,44,54,22.6,65.9,6.5,101.2,Maize
185,80,91,26.6,72.2,7.0,226.2,Sugarcane
40,47,56,26.4,49.9,6.6,68.5,Groundnut
109,55,44,29.0,69.1,7.8,80.4,Cotton
61,42,92,26.9,86.6,6.5,225.6,Coconut
147,43,46,25.9,83.2,5.8,224.7,Rice
219,66,93,28.6,83.8,6.1,182.9,Sugarcane
88,51,44,27.1,50.3,7.1,70.6,Maize
95,46,43,25.2,65.2,7.1,83.7,Maize
99,58,36,24.8,64.0,6.8,83.4,Maize
134,43,49,28.0,82.7,6.6,253.7,Rice
24,49,24,26.9,68.8,7.1,71.5,Blackgram
125,50,46,27.0,77.8,7.5,214.2,Rice
137,52,52,30.9,74.1,6.6,206.2,Rice
138,40,41,28.1,81.4,5.6,237.0,Rice
86,52,36,25.1,51.8,7.1,84.5,Maize
32,47,45,25.2,54.1,6.6,63.0,Groundnut
65,60,100,30.0,64.7,6.0,115.6,Tapioca
88,53,35,25.9,69.0,6.3,88.3,Maize
107,43,56,32.3,65.7,7.4,81.9,Cotton
133,49,46,18.1,78.7,6.3,181.3,Rice
129,54,45,28.3,80.8,6.9,268.6,Rice
81,50,34,24.7,56.6,6.3,84.9,Maize
92,54,43,21.3,65.9,5.4,96.0,Maize
139,48,53,30.3,83.3,5.5,230.9,Rice
148,60,61,27.7,87.5,6.1,219.6,Rice
118,46,49,28.3,81.5,5.5,222.7,Rice
26,54,43,28.5,55.3,6.6,97.4,Groundnut
150,53,188,26.9,80.8,6.4,211.3,Banana
139,50,201,26.8,78.3,6.3,222.4,Banana
125,51,197,26.7,84.6,7.0,205.2,Banana
29,48,45,27.3,49.8,7.1,86.4,Groundnut
73,46,113,28.4,80.1,6.6,156.0,Coconut
31,50,45,26.1,50.8,7.3,83.4,Groundnut
19,50,36,27.0,68.3,7.4,73.7,Blackgram
101,60,45,30.9,72.1,7.0,78.3,Cotton
18,49,28,31.7,65.4,6.6,78.6,Blackgram
17,55,29,29.4,59.3,7.2,72.5,Blackgram
141,49,51,26.6,80.6,6.6,305.7,Rice
138,55,40,26.4,82.5,7.0,237.3,Rice
140,52,53,27.1,77.6,5.3,246.7,Rice
37,51,48,28.5,61.4,6.7,97.9,Groundnut
102,45,50,25.3,71.6,6.4,80.1,Cotton
29,48,52,28.2,43.6,6.1,77.1,Groundnut
84,47,37,30.7,60.0,6.1,73.4,Maize
144,47,192,26.8,74.3,6.8,181.6,Banana
135,69,101,33.1,77.6,6.1,188.4,Turmeric
145,49,46,24.3,79.3,6.4,181.3,Rice
121,52,46,27.0,81.7,5.6,251.6,Rice
87,53,32,24.5,56.7,6.4,96.7,Maize
19,53,32,30.5,65.9,6.6,66.7,Blackgram
50,52,95,29.8,86.8,6.7,228.8,Coconut
